[
  {
    "model": "admin.logentry",
    "pk": 1,
    "fields": {
      "action_time": "2023-12-14T18:05:13.663Z",
      "user": 1,
      "content_type": 8,
      "object_id": "1",
      "object_repr": "Cardiology",
      "action_flag": 1,
      "change_message": "[{\"added\": {}}]"
    }
  },
  {
    "model": "admin.logentry",
    "pk": 2,
    "fields": {
      "action_time": "2023-12-14T18:05:39.764Z",
      "user": 1,
      "content_type": 8,
      "object_id": "2",
      "object_repr": "Coronary Care Unit",
      "action_flag": 1,
      "change_message": "[{\"added\": {}}]"
    }
  },
  {
    "model": "admin.logentry",
    "pk": 3,
    "fields": {
      "action_time": "2023-12-14T18:05:46.014Z",
      "user": 1,
      "content_type": 8,
      "object_id": "3",
      "object_repr": "Intensive Care Unit",
      "action_flag": 1,
      "change_message": "[{\"added\": {}}]"
    }
  },
  {
    "model": "admin.logentry",
    "pk": 4,
    "fields": {
      "action_time": "2023-12-14T18:05:57.749Z",
      "user": 1,
      "content_type": 8,
      "object_id": "4",
      "object_repr": "Gastoenterology",
      "action_flag": 1,
      "change_message": "[{\"added\": {}}]"
    }
  },
  {
    "model": "admin.logentry",
    "pk": 5,
    "fields": {
      "action_time": "2023-12-14T18:06:06.587Z",
      "user": 1,
      "content_type": 8,
      "object_id": "5",
      "object_repr": "General Surgery",
      "action_flag": 1,
      "change_message": "[{\"added\": {}}]"
    }
  },
  {
    "model": "admin.logentry",
    "pk": 6,
    "fields": {
      "action_time": "2023-12-14T18:06:13.028Z",
      "user": 1,
      "content_type": 8,
      "object_id": "6",
      "object_repr": "Obstetrics/Gynecology",
      "action_flag": 1,
      "change_message": "[{\"added\": {}}]"
    }
  },
  {
    "model": "admin.logentry",
    "pk": 7,
    "fields": {
      "action_time": "2023-12-14T18:06:18.430Z",
      "user": 1,
      "content_type": 8,
      "object_id": "7",
      "object_repr": "Maternity",
      "action_flag": 1,
      "change_message": "[{\"added\": {}}]"
    }
  },
  {
    "model": "admin.logentry",
    "pk": 8,
    "fields": {
      "action_time": "2023-12-14T18:06:28.357Z",
      "user": 1,
      "content_type": 8,
      "object_id": "8",
      "object_repr": "Nutrition and Dietetics",
      "action_flag": 1,
      "change_message": "[{\"added\": {}}]"
    }
  },
  {
    "model": "admin.logentry",
    "pk": 9,
    "fields": {
      "action_time": "2023-12-14T18:06:36.497Z",
      "user": 1,
      "content_type": 8,
      "object_id": "9",
      "object_repr": "Nefrology",
      "action_flag": 1,
      "change_message": "[{\"added\": {}}]"
    }
  },
  {
    "model": "admin.logentry",
    "pk": 10,
    "fields": {
      "action_time": "2023-12-14T18:06:41.731Z",
      "user": 1,
      "content_type": 8,
      "object_id": "10",
      "object_repr": "Neurology",
      "action_flag": 1,
      "change_message": "[{\"added\": {}}]"
    }
  },
  {
    "model": "admin.logentry",
    "pk": 11,
    "fields": {
      "action_time": "2023-12-14T18:06:48.052Z",
      "user": 1,
      "content_type": 8,
      "object_id": "11",
      "object_repr": "Neonatal",
      "action_flag": 1,
      "change_message": "[{\"added\": {}}]"
    }
  },
  {
    "model": "admin.logentry",
    "pk": 12,
    "fields": {
      "action_time": "2023-12-14T18:06:53.203Z",
      "user": 1,
      "content_type": 8,
      "object_id": "12",
      "object_repr": "Oncology",
      "action_flag": 1,
      "change_message": "[{\"added\": {}}]"
    }
  },
  {
    "model": "admin.logentry",
    "pk": 13,
    "fields": {
      "action_time": "2023-12-14T18:06:58.451Z",
      "user": 1,
      "content_type": 8,
      "object_id": "13",
      "object_repr": "Orthopedics",
      "action_flag": 1,
      "change_message": "[{\"added\": {}}]"
    }
  },
  {
    "model": "admin.logentry",
    "pk": 14,
    "fields": {
      "action_time": "2023-12-14T18:07:03.605Z",
      "user": 1,
      "content_type": 8,
      "object_id": "14",
      "object_repr": "Otolaryngology",
      "action_flag": 1,
      "change_message": "[{\"added\": {}}]"
    }
  },
  {
    "model": "admin.logentry",
    "pk": 15,
    "fields": {
      "action_time": "2023-12-14T18:07:09.057Z",
      "user": 1,
      "content_type": 8,
      "object_id": "15",
      "object_repr": "Radiology",
      "action_flag": 1,
      "change_message": "[{\"added\": {}}]"
    }
  },
  {
    "model": "admin.logentry",
    "pk": 16,
    "fields": {
      "action_time": "2023-12-14T18:07:14.214Z",
      "user": 1,
      "content_type": 8,
      "object_id": "16",
      "object_repr": "Urology",
      "action_flag": 1,
      "change_message": "[{\"added\": {}}]"
    }
  },
  {
    "model": "admin.logentry",
    "pk": 17,
    "fields": {
      "action_time": "2023-12-14T18:07:22.241Z",
      "user": 1,
      "content_type": 8,
      "object_id": "17",
      "object_repr": "Internal Medicine",
      "action_flag": 1,
      "change_message": "[{\"added\": {}}]"
    }
  },
  {
    "model": "admin.logentry",
    "pk": 18,
    "fields": {
      "action_time": "2023-12-14T18:08:46.930Z",
      "user": 1,
      "content_type": 8,
      "object_id": "18",
      "object_repr": "Dermatology",
      "action_flag": 1,
      "change_message": "[{\"added\": {}}]"
    }
  },
  {
    "model": "admin.logentry",
    "pk": 19,
    "fields": {
      "action_time": "2023-12-14T18:08:51.996Z",
      "user": 1,
      "content_type": 8,
      "object_id": "19",
      "object_repr": "Pneumology",
      "action_flag": 1,
      "change_message": "[{\"added\": {}}]"
    }
  },
  {
    "model": "admin.logentry",
    "pk": 20,
    "fields": {
      "action_time": "2023-12-14T18:08:57.076Z",
      "user": 1,
      "content_type": 8,
      "object_id": "20",
      "object_repr": "Pediatrics",
      "action_flag": 1,
      "change_message": "[{\"added\": {}}]"
    }
  },
  {
    "model": "admin.logentry",
    "pk": 21,
    "fields": {
      "action_time": "2023-12-14T18:09:47.921Z",
      "user": 1,
      "content_type": 13,
      "object_id": "1",
      "object_repr": "Cardiologist",
      "action_flag": 1,
      "change_message": "[{\"added\": {}}]"
    }
  },
  {
    "model": "admin.logentry",
    "pk": 22,
    "fields": {
      "action_time": "2023-12-14T18:09:52.647Z",
      "user": 1,
      "content_type": 13,
      "object_id": "2",
      "object_repr": "Dermatologist",
      "action_flag": 1,
      "change_message": "[{\"added\": {}}]"
    }
  },
  {
    "model": "admin.logentry",
    "pk": 23,
    "fields": {
      "action_time": "2023-12-14T18:09:57.288Z",
      "user": 1,
      "content_type": 13,
      "object_id": "3",
      "object_repr": "Gastroenterologist",
      "action_flag": 1,
      "change_message": "[{\"added\": {}}]"
    }
  },
  {
    "model": "admin.logentry",
    "pk": 24,
    "fields": {
      "action_time": "2023-12-14T18:10:02.488Z",
      "user": 1,
      "content_type": 13,
      "object_id": "4",
      "object_repr": "Neurologist",
      "action_flag": 1,
      "change_message": "[{\"added\": {}}]"
    }
  },
  {
    "model": "admin.logentry",
    "pk": 25,
    "fields": {
      "action_time": "2023-12-14T18:10:09.717Z",
      "user": 1,
      "content_type": 13,
      "object_id": "5",
      "object_repr": "Ophthalmologist",
      "action_flag": 1,
      "change_message": "[{\"added\": {}}]"
    }
  },
  {
    "model": "admin.logentry",
    "pk": 26,
    "fields": {
      "action_time": "2023-12-14T18:10:15.219Z",
      "user": 1,
      "content_type": 13,
      "object_id": "6",
      "object_repr": "Otolaryngologist",
      "action_flag": 1,
      "change_message": "[{\"added\": {}}]"
    }
  },
  {
    "model": "admin.logentry",
    "pk": 27,
    "fields": {
      "action_time": "2023-12-14T18:10:21.284Z",
      "user": 1,
      "content_type": 13,
      "object_id": "7",
      "object_repr": "Urologist",
      "action_flag": 1,
      "change_message": "[{\"added\": {}}]"
    }
  },
  {
    "model": "admin.logentry",
    "pk": 28,
    "fields": {
      "action_time": "2023-12-14T18:10:29.700Z",
      "user": 1,
      "content_type": 13,
      "object_id": "8",
      "object_repr": "General Surgeon",
      "action_flag": 1,
      "change_message": "[{\"added\": {}}]"
    }
  },
  {
    "model": "admin.logentry",
    "pk": 29,
    "fields": {
      "action_time": "2023-12-14T18:10:41.230Z",
      "user": 1,
      "content_type": 13,
      "object_id": "9",
      "object_repr": "Cardiothoracic Surgeon",
      "action_flag": 1,
      "change_message": "[{\"added\": {}}]"
    }
  },
  {
    "model": "admin.logentry",
    "pk": 30,
    "fields": {
      "action_time": "2023-12-14T18:11:00.180Z",
      "user": 1,
      "content_type": 13,
      "object_id": "10",
      "object_repr": "Orthopedic Surgeon",
      "action_flag": 1,
      "change_message": "[{\"added\": {}}]"
    }
  },
  {
    "model": "admin.logentry",
    "pk": 31,
    "fields": {
      "action_time": "2023-12-14T18:11:05.380Z",
      "user": 1,
      "content_type": 13,
      "object_id": "11",
      "object_repr": "Obstetrician",
      "action_flag": 1,
      "change_message": "[{\"added\": {}}]"
    }
  },
  {
    "model": "admin.logentry",
    "pk": 32,
    "fields": {
      "action_time": "2023-12-14T18:11:35.348Z",
      "user": 1,
      "content_type": 13,
      "object_id": "12",
      "object_repr": "Gynacologist",
      "action_flag": 1,
      "change_message": "[{\"added\": {}}]"
    }
  },
  {
    "model": "admin.logentry",
    "pk": 33,
    "fields": {
      "action_time": "2023-12-14T18:11:42.724Z",
      "user": 1,
      "content_type": 13,
      "object_id": "13",
      "object_repr": "Family Medicine Physician",
      "action_flag": 1,
      "change_message": "[{\"added\": {}}]"
    }
  },
  {
    "model": "admin.logentry",
    "pk": 34,
    "fields": {
      "action_time": "2023-12-14T18:11:50.182Z",
      "user": 1,
      "content_type": 13,
      "object_id": "14",
      "object_repr": "Internal Medicine Physician",
      "action_flag": 1,
      "change_message": "[{\"added\": {}}]"
    }
  },
  {
    "model": "admin.logentry",
    "pk": 35,
    "fields": {
      "action_time": "2023-12-14T18:11:55.050Z",
      "user": 1,
      "content_type": 13,
      "object_id": "15",
      "object_repr": "Pediatrician",
      "action_flag": 1,
      "change_message": "[{\"added\": {}}]"
    }
  },
  {
    "model": "admin.logentry",
    "pk": 36,
    "fields": {
      "action_time": "2023-12-14T18:12:03.215Z",
      "user": 1,
      "content_type": 13,
      "object_id": "16",
      "object_repr": "Rheumatologist",
      "action_flag": 1,
      "change_message": "[{\"added\": {}}]"
    }
  },
  {
    "model": "admin.logentry",
    "pk": 37,
    "fields": {
      "action_time": "2023-12-14T18:12:07.848Z",
      "user": 1,
      "content_type": 13,
      "object_id": "17",
      "object_repr": "Immunologist",
      "action_flag": 1,
      "change_message": "[{\"added\": {}}]"
    }
  },
  {
    "model": "admin.logentry",
    "pk": 38,
    "fields": {
      "action_time": "2023-12-14T18:12:13.603Z",
      "user": 1,
      "content_type": 13,
      "object_id": "18",
      "object_repr": "Nutricionist",
      "action_flag": 1,
      "change_message": "[{\"added\": {}}]"
    }
  },
  {
    "model": "admin.logentry",
    "pk": 39,
    "fields": {
      "action_time": "2023-12-14T18:12:30.191Z",
      "user": 1,
      "content_type": 13,
      "object_id": "19",
      "object_repr": "Endocrinologist",
      "action_flag": 1,
      "change_message": "[{\"added\": {}}]"
    }
  },
  {
    "model": "admin.logentry",
    "pk": 40,
    "fields": {
      "action_time": "2023-12-14T18:12:36.605Z",
      "user": 1,
      "content_type": 13,
      "object_id": "20",
      "object_repr": "Nephrologist",
      "action_flag": 1,
      "change_message": "[{\"added\": {}}]"
    }
  },
  {
    "model": "admin.logentry",
    "pk": 41,
    "fields": {
      "action_time": "2023-12-14T18:12:36.840Z",
      "user": 1,
      "content_type": 13,
      "object_id": "21",
      "object_repr": "Nephrologist",
      "action_flag": 1,
      "change_message": "[{\"added\": {}}]"
    }
  },
  {
    "model": "admin.logentry",
    "pk": 42,
    "fields": {
      "action_time": "2023-12-14T18:13:12.429Z",
      "user": 1,
      "content_type": 13,
      "object_id": "21",
      "object_repr": "Dietitian",
      "action_flag": 2,
      "change_message": "[{\"changed\": {\"fields\": [\"Name\"]}}]"
    }
  },
  {
    "model": "admin.logentry",
    "pk": 43,
    "fields": {
      "action_time": "2023-12-14T18:13:22.177Z",
      "user": 1,
      "content_type": 13,
      "object_id": "22",
      "object_repr": "Neurosurgeon",
      "action_flag": 1,
      "change_message": "[{\"added\": {}}]"
    }
  },
  {
    "model": "admin.logentry",
    "pk": 44,
    "fields": {
      "action_time": "2023-12-14T18:13:27.620Z",
      "user": 1,
      "content_type": 13,
      "object_id": "23",
      "object_repr": "Neurophysiologist",
      "action_flag": 1,
      "change_message": "[{\"added\": {}}]"
    }
  },
  {
    "model": "admin.logentry",
    "pk": 45,
    "fields": {
      "action_time": "2023-12-14T18:13:33.252Z",
      "user": 1,
      "content_type": 13,
      "object_id": "24",
      "object_repr": "Oncologist",
      "action_flag": 1,
      "change_message": "[{\"added\": {}}]"
    }
  },
  {
    "model": "admin.logentry",
    "pk": 46,
    "fields": {
      "action_time": "2023-12-14T18:13:40.236Z",
      "user": 1,
      "content_type": 13,
      "object_id": "25",
      "object_repr": "Orthopedic Physician",
      "action_flag": 1,
      "change_message": "[{\"added\": {}}]"
    }
  },
  {
    "model": "admin.logentry",
    "pk": 47,
    "fields": {
      "action_time": "2023-12-14T18:13:46.138Z",
      "user": 1,
      "content_type": 13,
      "object_id": "26",
      "object_repr": "Pulmonologist",
      "action_flag": 1,
      "change_message": "[{\"added\": {}}]"
    }
  },
  {
    "model": "admin.logentry",
    "pk": 48,
    "fields": {
      "action_time": "2023-12-14T18:14:00.279Z",
      "user": 1,
      "content_type": 13,
      "object_id": "27",
      "object_repr": "Critical Care Physicians",
      "action_flag": 1,
      "change_message": "[{\"added\": {}}]"
    }
  },
  {
    "model": "admin.logentry",
    "pk": 49,
    "fields": {
      "action_time": "2023-12-14T18:16:01.275Z",
      "user": 1,
      "content_type": 9,
      "object_id": "1",
      "object_repr": "X-rays",
      "action_flag": 1,
      "change_message": "[{\"added\": {}}]"
    }
  },
  {
    "model": "admin.logentry",
    "pk": 50,
    "fields": {
      "action_time": "2023-12-14T18:16:07.921Z",
      "user": 1,
      "content_type": 9,
      "object_id": "2",
      "object_repr": "Abdominal Computed Tomography",
      "action_flag": 1,
      "change_message": "[{\"added\": {}}]"
    }
  },
  {
    "model": "admin.logentry",
    "pk": 51,
    "fields": {
      "action_time": "2023-12-14T18:16:13.110Z",
      "user": 1,
      "content_type": 9,
      "object_id": "3",
      "object_repr": "Electroencephalogram",
      "action_flag": 1,
      "change_message": "[{\"added\": {}}]"
    }
  },
  {
    "model": "admin.logentry",
    "pk": 52,
    "fields": {
      "action_time": "2023-12-14T18:16:20.112Z",
      "user": 1,
      "content_type": 9,
      "object_id": "4",
      "object_repr": "Urinalysis",
      "action_flag": 1,
      "change_message": "[{\"added\": {}}]"
    }
  },
  {
    "model": "admin.logentry",
    "pk": 53,
    "fields": {
      "action_time": "2023-12-14T18:16:27.527Z",
      "user": 1,
      "content_type": 9,
      "object_id": "5",
      "object_repr": "Fasting Blood Glucose",
      "action_flag": 1,
      "change_message": "[{\"added\": {}}]"
    }
  },
  {
    "model": "admin.logentry",
    "pk": 54,
    "fields": {
      "action_time": "2023-12-14T18:16:35.229Z",
      "user": 1,
      "content_type": 9,
      "object_id": "6",
      "object_repr": "Spirometry",
      "action_flag": 1,
      "change_message": "[{\"added\": {}}]"
    }
  },
  {
    "model": "admin.logentry",
    "pk": 55,
    "fields": {
      "action_time": "2023-12-14T18:16:46.694Z",
      "user": 1,
      "content_type": 9,
      "object_id": "7",
      "object_repr": "Thyroid Stimulating Hormone level",
      "action_flag": 1,
      "change_message": "[{\"added\": {}}]"
    }
  },
  {
    "model": "admin.logentry",
    "pk": 56,
    "fields": {
      "action_time": "2023-12-14T18:16:55.075Z",
      "user": 1,
      "content_type": 9,
      "object_id": "8",
      "object_repr": "Computed Tomography of the Chest",
      "action_flag": 1,
      "change_message": "[{\"added\": {}}]"
    }
  },
  {
    "model": "admin.logentry",
    "pk": 57,
    "fields": {
      "action_time": "2023-12-14T18:17:53.864Z",
      "user": 1,
      "content_type": 9,
      "object_id": "9",
      "object_repr": "Blood Pressure Measurement",
      "action_flag": 1,
      "change_message": "[{\"added\": {}}]"
    }
  },
  {
    "model": "admin.logentry",
    "pk": 58,
    "fields": {
      "action_time": "2023-12-14T18:18:01.198Z",
      "user": 1,
      "content_type": 9,
      "object_id": "10",
      "object_repr": "Complete Blood Count",
      "action_flag": 1,
      "change_message": "[{\"added\": {}}]"
    }
  },
  {
    "model": "admin.logentry",
    "pk": 59,
    "fields": {
      "action_time": "2023-12-14T18:18:09.055Z",
      "user": 1,
      "content_type": 9,
      "object_id": "11",
      "object_repr": "Bone Marrow Biopsy",
      "action_flag": 1,
      "change_message": "[{\"added\": {}}]"
    }
  },
  {
    "model": "admin.logentry",
    "pk": 60,
    "fields": {
      "action_time": "2023-12-14T18:18:17.243Z",
      "user": 1,
      "content_type": 9,
      "object_id": "12",
      "object_repr": "Magnetic Resonance Imaging - MRI",
      "action_flag": 1,
      "change_message": "[{\"added\": {}}]"
    }
  },
  {
    "model": "admin.logentry",
    "pk": 61,
    "fields": {
      "action_time": "2023-12-14T18:18:23.301Z",
      "user": 1,
      "content_type": 9,
      "object_id": "13",
      "object_repr": "Electrocardiogram",
      "action_flag": 1,
      "change_message": "[{\"added\": {}}]"
    }
  },
  {
    "model": "admin.logentry",
    "pk": 62,
    "fields": {
      "action_time": "2023-12-14T18:18:28.864Z",
      "user": 1,
      "content_type": 9,
      "object_id": "14",
      "object_repr": "Ultrasound",
      "action_flag": 1,
      "change_message": "[{\"added\": {}}]"
    }
  },
  {
    "model": "admin.logentry",
    "pk": 63,
    "fields": {
      "action_time": "2023-12-14T18:18:34.337Z",
      "user": 1,
      "content_type": 9,
      "object_id": "15",
      "object_repr": "Colonoscopy",
      "action_flag": 1,
      "change_message": "[{\"added\": {}}]"
    }
  },
  {
    "model": "admin.logentry",
    "pk": 64,
    "fields": {
      "action_time": "2023-12-14T18:18:41.063Z",
      "user": 1,
      "content_type": 9,
      "object_id": "16",
      "object_repr": "Endoscopy",
      "action_flag": 1,
      "change_message": "[{\"added\": {}}]"
    }
  },
  {
    "model": "admin.logentry",
    "pk": 65,
    "fields": {
      "action_time": "2023-12-14T18:18:53.908Z",
      "user": 1,
      "content_type": 9,
      "object_id": "17",
      "object_repr": "Cholesterol Test",
      "action_flag": 1,
      "change_message": "[{\"added\": {}}]"
    }
  },
  {
    "model": "admin.logentry",
    "pk": 66,
    "fields": {
      "action_time": "2023-12-14T18:19:12.956Z",
      "user": 1,
      "content_type": 9,
      "object_id": "18",
      "object_repr": "Bone Densitometry",
      "action_flag": 1,
      "change_message": "[{\"added\": {}}]"
    }
  },
  {
    "model": "admin.logentry",
    "pk": 67,
    "fields": {
      "action_time": "2023-12-14T18:21:15.792Z",
      "user": 1,
      "content_type": 9,
      "object_id": "19",
      "object_repr": "Biopsy",
      "action_flag": 1,
      "change_message": "[{\"added\": {}}]"
    }
  },
  {
    "model": "admin.logentry",
    "pk": 68,
    "fields": {
      "action_time": "2023-12-14T18:21:22.592Z",
      "user": 1,
      "content_type": 9,
      "object_id": "20",
      "object_repr": "Pregnancy Test",
      "action_flag": 1,
      "change_message": "[{\"added\": {}}]"
    }
  },
  {
    "model": "admin.logentry",
    "pk": 69,
    "fields": {
      "action_time": "2023-12-14T18:21:28.799Z",
      "user": 1,
      "content_type": 9,
      "object_id": "21",
      "object_repr": "Pap Smear",
      "action_flag": 1,
      "change_message": "[{\"added\": {}}]"
    }
  },
  {
    "model": "admin.logentry",
    "pk": 70,
    "fields": {
      "action_time": "2023-12-14T18:21:36.308Z",
      "user": 1,
      "content_type": 9,
      "object_id": "22",
      "object_repr": "HIV Test",
      "action_flag": 1,
      "change_message": "[{\"added\": {}}]"
    }
  },
  {
    "model": "admin.logentry",
    "pk": 71,
    "fields": {
      "action_time": "2023-12-14T18:21:42.583Z",
      "user": 1,
      "content_type": 9,
      "object_id": "23",
      "object_repr": "Electromyography",
      "action_flag": 1,
      "change_message": "[{\"added\": {}}]"
    }
  },
  {
    "model": "admin.logentry",
    "pk": 72,
    "fields": {
      "action_time": "2023-12-14T18:27:02.898Z",
      "user": 1,
      "content_type": 10,
      "object_id": "30197933",
      "object_repr": "30197933 -> David José Marinho Teixeira",
      "action_flag": 1,
      "change_message": "[{\"added\": {}}]"
    }
  },
  {
    "model": "admin.logentry",
    "pk": 73,
    "fields": {
      "action_time": "2023-12-18T20:56:08.658Z",
      "user": 1,
      "content_type": 10,
      "object_id": "28283033",
      "object_repr": "28283033 -> João Silva Pereira",
      "action_flag": 1,
      "change_message": "[{\"added\": {}}]"
    }
  },
  {
    "model": "admin.logentry",
    "pk": 74,
    "fields": {
      "action_time": "2023-12-18T20:56:50.332Z",
      "user": 1,
      "content_type": 10,
      "object_id": "27388258",
      "object_repr": "27388258 -> Maria Santos Costa",
      "action_flag": 1,
      "change_message": "[{\"added\": {}}]"
    }
  },
  {
    "model": "admin.logentry",
    "pk": 75,
    "fields": {
      "action_time": "2023-12-18T20:57:29.648Z",
      "user": 1,
      "content_type": 10,
      "object_id": "46656453",
      "object_repr": "46656453 -> Pedro Oliveira Rodrigues",
      "action_flag": 1,
      "change_message": "[{\"added\": {}}]"
    }
  },
  {
    "model": "admin.logentry",
    "pk": 76,
    "fields": {
      "action_time": "2023-12-18T20:58:29.163Z",
      "user": 1,
      "content_type": 10,
      "object_id": "20402791",
      "object_repr": "20402791 -> Ana Pereira Almeida",
      "action_flag": 1,
      "change_message": "[{\"added\": {}}]"
    }
  },
  {
    "model": "admin.logentry",
    "pk": 77,
    "fields": {
      "action_time": "2023-12-18T20:59:11.921Z",
      "user": 1,
      "content_type": 10,
      "object_id": "29053914",
      "object_repr": "29053914 -> Miguel Santos Martins",
      "action_flag": 1,
      "change_message": "[{\"added\": {}}]"
    }
  },
  {
    "model": "admin.logentry",
    "pk": 78,
    "fields": {
      "action_time": "2023-12-18T20:59:54.068Z",
      "user": 1,
      "content_type": 10,
      "object_id": "23672096",
      "object_repr": "23672096 -> Inês Costa Sousa",
      "action_flag": 1,
      "change_message": "[{\"added\": {}}]"
    }
  },
  {
    "model": "admin.logentry",
    "pk": 79,
    "fields": {
      "action_time": "2023-12-18T21:00:41.683Z",
      "user": 1,
      "content_type": 10,
      "object_id": "14443557",
      "object_repr": "14443557 -> Tiago Rodrigues Fernandes",
      "action_flag": 1,
      "change_message": "[{\"added\": {}}]"
    }
  },
  {
    "model": "admin.logentry",
    "pk": 80,
    "fields": {
      "action_time": "2023-12-18T21:01:20.791Z",
      "user": 1,
      "content_type": 10,
      "object_id": "45766540",
      "object_repr": "45766540 -> Catarina Almeida Pereira",
      "action_flag": 1,
      "change_message": "[{\"added\": {}}]"
    }
  },
  {
    "model": "admin.logentry",
    "pk": 81,
    "fields": {
      "action_time": "2023-12-18T21:02:44.401Z",
      "user": 1,
      "content_type": 10,
      "object_id": "19731370",
      "object_repr": "19731370 -> Ricardo Fernandes Silva",
      "action_flag": 1,
      "change_message": "[{\"added\": {}}]"
    }
  },
  {
    "model": "admin.logentry",
    "pk": 82,
    "fields": {
      "action_time": "2023-12-18T21:03:31.815Z",
      "user": 1,
      "content_type": 10,
      "object_id": "33916133",
      "object_repr": "33916133 -> Sofia Martins Oliveira",
      "action_flag": 1,
      "change_message": "[{\"added\": {}}]"
    }
  },
  {
    "model": "admin.logentry",
    "pk": 83,
    "fields": {
      "action_time": "2023-12-18T21:04:35.440Z",
      "user": 1,
      "content_type": 10,
      "object_id": "47045403",
      "object_repr": "47045403 -> Hugo Sousa Pereira",
      "action_flag": 1,
      "change_message": "[{\"added\": {}}]"
    }
  },
  {
    "model": "admin.logentry",
    "pk": 84,
    "fields": {
      "action_time": "2023-12-18T21:05:17.248Z",
      "user": 1,
      "content_type": 10,
      "object_id": "27381631",
      "object_repr": "27381631 -> Carolina Costa Rodrigues",
      "action_flag": 1,
      "change_message": "[{\"added\": {}}]"
    }
  },
  {
    "model": "admin.logentry",
    "pk": 85,
    "fields": {
      "action_time": "2023-12-18T21:05:58.422Z",
      "user": 1,
      "content_type": 10,
      "object_id": "13712785",
      "object_repr": "13712785 -> André Almeida Martins",
      "action_flag": 1,
      "change_message": "[{\"added\": {}}]"
    }
  },
  {
    "model": "admin.logentry",
    "pk": 86,
    "fields": {
      "action_time": "2023-12-18T21:06:47.595Z",
      "user": 1,
      "content_type": 10,
      "object_id": "32486638",
      "object_repr": "32486638 -> Mariana Rodrigues Santos",
      "action_flag": 1,
      "change_message": "[{\"added\": {}}]"
    }
  },
  {
    "model": "admin.logentry",
    "pk": 87,
    "fields": {
      "action_time": "2023-12-18T21:07:24.001Z",
      "user": 1,
      "content_type": 10,
      "object_id": "41630910",
      "object_repr": "41630910 -> Daniel Pereira Costa",
      "action_flag": 1,
      "change_message": "[{\"added\": {}}]"
    }
  },
  {
    "model": "admin.logentry",
    "pk": 88,
    "fields": {
      "action_time": "2023-12-18T21:08:01.820Z",
      "user": 1,
      "content_type": 10,
      "object_id": "24051057",
      "object_repr": "24051057 -> Beatriz Martins Oliveira",
      "action_flag": 1,
      "change_message": "[{\"added\": {}}]"
    }
  },
  {
    "model": "admin.logentry",
    "pk": 89,
    "fields": {
      "action_time": "2023-12-18T21:08:34.209Z",
      "user": 1,
      "content_type": 10,
      "object_id": "35505557",
      "object_repr": "35505557 -> Gonçalo Fernandes Sousa",
      "action_flag": 1,
      "change_message": "[{\"added\": {}}]"
    }
  },
  {
    "model": "admin.logentry",
    "pk": 90,
    "fields": {
      "action_time": "2023-12-18T21:09:21.707Z",
      "user": 1,
      "content_type": 10,
      "object_id": "38087211",
      "object_repr": "38087211 -> Laura Costa Martins",
      "action_flag": 1,
      "change_message": "[{\"added\": {}}]"
    }
  },
  {
    "model": "admin.logentry",
    "pk": 91,
    "fields": {
      "action_time": "2023-12-18T21:10:08.286Z",
      "user": 1,
      "content_type": 10,
      "object_id": "42601866",
      "object_repr": "42601866 -> Francisco Oliveira Rodrigues",
      "action_flag": 1,
      "change_message": "[{\"added\": {}}]"
    }
  },
  {
    "model": "admin.logentry",
    "pk": 92,
    "fields": {
      "action_time": "2023-12-18T21:10:45.476Z",
      "user": 1,
      "content_type": 10,
      "object_id": "47547384",
      "object_repr": "47547384 -> Marta Santos Almeida",
      "action_flag": 1,
      "change_message": "[{\"added\": {}}]"
    }
  },
  {
    "model": "admin.logentry",
    "pk": 93,
    "fields": {
      "action_time": "2023-12-18T21:29:10.788Z",
      "user": 1,
      "content_type": 11,
      "object_id": "14937214",
      "object_repr": "14937214 - Doctor José Henriques de Oliveira",
      "action_flag": 1,
      "change_message": "[{\"added\": {}}]"
    }
  },
  {
    "model": "admin.logentry",
    "pk": 94,
    "fields": {
      "action_time": "2023-12-18T21:30:09.056Z",
      "user": 1,
      "content_type": 11,
      "object_id": "19611552",
      "object_repr": "19611552 - Doctor Diogo Alves Silva",
      "action_flag": 1,
      "change_message": "[{\"added\": {}}]"
    }
  },
  {
    "model": "admin.logentry",
    "pk": 95,
    "fields": {
      "action_time": "2023-12-18T21:30:55.005Z",
      "user": 1,
      "content_type": 11,
      "object_id": "31785905",
      "object_repr": "31785905 - Doctor Leonor Costa Pereira",
      "action_flag": 1,
      "change_message": "[{\"added\": {}}]"
    }
  },
  {
    "model": "admin.logentry",
    "pk": 96,
    "fields": {
      "action_time": "2023-12-18T21:31:58.992Z",
      "user": 1,
      "content_type": 11,
      "object_id": "44895585",
      "object_repr": "44895585 - Doctor Guilherme Martins Fernandes",
      "action_flag": 1,
      "change_message": "[{\"added\": {}}]"
    }
  },
  {
    "model": "admin.logentry",
    "pk": 97,
    "fields": {
      "action_time": "2023-12-18T21:34:21.945Z",
      "user": 1,
      "content_type": 11,
      "object_id": "40767197",
      "object_repr": "40767197 - Doctor Joana Oliveira Costa",
      "action_flag": 1,
      "change_message": "[{\"added\": {}}]"
    }
  },
  {
    "model": "admin.logentry",
    "pk": 98,
    "fields": {
      "action_time": "2023-12-18T21:37:28.924Z",
      "user": 1,
      "content_type": 11,
      "object_id": "29504793",
      "object_repr": "29504793 - Doctor Rui Rodrigues Almeida",
      "action_flag": 1,
      "change_message": "[{\"added\": {}}]"
    }
  },
  {
    "model": "admin.logentry",
    "pk": 99,
    "fields": {
      "action_time": "2023-12-18T21:38:37.579Z",
      "user": 1,
      "content_type": 11,
      "object_id": "37500183",
      "object_repr": "37500183 - Doctor Matilde Sousa Martins",
      "action_flag": 1,
      "change_message": "[{\"added\": {}}]"
    }
  },
  {
    "model": "admin.logentry",
    "pk": 100,
    "fields": {
      "action_time": "2023-12-18T21:39:58.957Z",
      "user": 1,
      "content_type": 11,
      "object_id": "38010963",
      "object_repr": "38010963 - Doctor Lucas Fernandes Pereira",
      "action_flag": 1,
      "change_message": "[{\"added\": {}}]"
    }
  },
  {
    "model": "admin.logentry",
    "pk": 101,
    "fields": {
      "action_time": "2023-12-18T21:40:41.868Z",
      "user": 1,
      "content_type": 11,
      "object_id": "46239036",
      "object_repr": "46239036 - Doctor Filipa Santos Costa",
      "action_flag": 1,
      "change_message": "[{\"added\": {}}]"
    }
  },
  {
    "model": "admin.logentry",
    "pk": 102,
    "fields": {
      "action_time": "2023-12-18T21:41:48.736Z",
      "user": 1,
      "content_type": 11,
      "object_id": "33856642",
      "object_repr": "33856642 - Doctor Nuno Martins Almeida",
      "action_flag": 1,
      "change_message": "[{\"added\": {}}]"
    }
  },
  {
    "model": "admin.logentry",
    "pk": 103,
    "fields": {
      "action_time": "2023-12-18T21:42:30.639Z",
      "user": 1,
      "content_type": 7,
      "object_id": "1",
      "object_repr": "2023-01-01 - 30197933 -> David José Marinho Teixeira",
      "action_flag": 1,
      "change_message": "[{\"added\": {}}]"
    }
  },
  {
    "model": "admin.logentry",
    "pk": 104,
    "fields": {
      "action_time": "2023-12-18T21:43:39.962Z",
      "user": 1,
      "content_type": 7,
      "object_id": "2",
      "object_repr": "2023-01-03 - 35505557 -> Gonçalo Fernandes Sousa",
      "action_flag": 1,
      "change_message": "[{\"added\": {}}]"
    }
  },
  {
    "model": "admin.logentry",
    "pk": 105,
    "fields": {
      "action_time": "2023-12-18T21:44:00.665Z",
      "user": 1,
      "content_type": 7,
      "object_id": "3",
      "object_repr": "2023-01-05 - 19731370 -> Ricardo Fernandes Silva",
      "action_flag": 1,
      "change_message": "[{\"added\": {}}]"
    }
  },
  {
    "model": "admin.logentry",
    "pk": 106,
    "fields": {
      "action_time": "2023-12-18T21:44:19.101Z",
      "user": 1,
      "content_type": 7,
      "object_id": "4",
      "object_repr": "2023-05-01 - 13712785 -> André Almeida Martins",
      "action_flag": 1,
      "change_message": "[{\"added\": {}}]"
    }
  },
  {
    "model": "admin.logentry",
    "pk": 107,
    "fields": {
      "action_time": "2023-12-18T21:44:37.415Z",
      "user": 1,
      "content_type": 7,
      "object_id": "5",
      "object_repr": "2023-07-01 - 47547384 -> Marta Santos Almeida",
      "action_flag": 1,
      "change_message": "[{\"added\": {}}]"
    }
  },
  {
    "model": "admin.logentry",
    "pk": 108,
    "fields": {
      "action_time": "2023-12-18T21:44:51.071Z",
      "user": 1,
      "content_type": 7,
      "object_id": "6",
      "object_repr": "2023-01-08 - 23672096 -> Inês Costa Sousa",
      "action_flag": 1,
      "change_message": "[{\"added\": {}}]"
    }
  },
  {
    "model": "admin.logentry",
    "pk": 109,
    "fields": {
      "action_time": "2023-12-18T21:45:09.744Z",
      "user": 1,
      "content_type": 7,
      "object_id": "7",
      "object_repr": "2023-01-09 - 14443557 -> Tiago Rodrigues Fernandes",
      "action_flag": 1,
      "change_message": "[{\"added\": {}}]"
    }
  },
  {
    "model": "admin.logentry",
    "pk": 110,
    "fields": {
      "action_time": "2023-12-18T21:45:27.315Z",
      "user": 1,
      "content_type": 7,
      "object_id": "8",
      "object_repr": "2023-01-09 - 27388258 -> Maria Santos Costa",
      "action_flag": 1,
      "change_message": "[{\"added\": {}}]"
    }
  },
  {
    "model": "admin.logentry",
    "pk": 111,
    "fields": {
      "action_time": "2023-12-18T21:45:38.145Z",
      "user": 1,
      "content_type": 7,
      "object_id": "9",
      "object_repr": "2023-01-10 - 35505557 -> Gonçalo Fernandes Sousa",
      "action_flag": 1,
      "change_message": "[{\"added\": {}}]"
    }
  },
  {
    "model": "admin.logentry",
    "pk": 112,
    "fields": {
      "action_time": "2023-12-18T21:45:57.206Z",
      "user": 1,
      "content_type": 7,
      "object_id": "10",
      "object_repr": "2023-01-14 - 47045403 -> Hugo Sousa Pereira",
      "action_flag": 1,
      "change_message": "[{\"added\": {}}]"
    }
  },
  {
    "model": "admin.logentry",
    "pk": 113,
    "fields": {
      "action_time": "2023-12-18T21:46:09.432Z",
      "user": 1,
      "content_type": 7,
      "object_id": "11",
      "object_repr": "2023-01-15 - 27381631 -> Carolina Costa Rodrigues",
      "action_flag": 1,
      "change_message": "[{\"added\": {}}]"
    }
  },
  {
    "model": "admin.logentry",
    "pk": 114,
    "fields": {
      "action_time": "2023-12-18T21:46:25.658Z",
      "user": 1,
      "content_type": 7,
      "object_id": "12",
      "object_repr": "2023-01-19 - 29053914 -> Miguel Santos Martins",
      "action_flag": 1,
      "change_message": "[{\"added\": {}}]"
    }
  },
  {
    "model": "admin.logentry",
    "pk": 115,
    "fields": {
      "action_time": "2023-12-18T21:46:41.626Z",
      "user": 1,
      "content_type": 7,
      "object_id": "13",
      "object_repr": "2023-01-21 - 47045403 -> Hugo Sousa Pereira",
      "action_flag": 1,
      "change_message": "[{\"added\": {}}]"
    }
  },
  {
    "model": "admin.logentry",
    "pk": 116,
    "fields": {
      "action_time": "2023-12-18T21:46:55.007Z",
      "user": 1,
      "content_type": 7,
      "object_id": "14",
      "object_repr": "2023-01-28 - 35505557 -> Gonçalo Fernandes Sousa",
      "action_flag": 1,
      "change_message": "[{\"added\": {}}]"
    }
  },
  {
    "model": "admin.logentry",
    "pk": 117,
    "fields": {
      "action_time": "2023-12-19T10:56:10.444Z",
      "user": 1,
      "content_type": 7,
      "object_id": "5",
      "object_repr": "2023-01-07 - 47547384 -> Marta Santos Almeida",
      "action_flag": 2,
      "change_message": "[{\"changed\": {\"fields\": [\"Adm date\"]}}]"
    }
  },
  {
    "model": "admin.logentry",
    "pk": 118,
    "fields": {
      "action_time": "2023-12-19T10:56:26.236Z",
      "user": 1,
      "content_type": 7,
      "object_id": "4",
      "object_repr": "2023-01-05 - 13712785 -> André Almeida Martins",
      "action_flag": 2,
      "change_message": "[{\"changed\": {\"fields\": [\"Adm date\"]}}]"
    }
  },
  {
    "model": "admin.logentry",
    "pk": 119,
    "fields": {
      "action_time": "2023-12-19T10:57:51.067Z",
      "user": 1,
      "content_type": 16,
      "object_id": "1",
      "object_repr": "Diagnosis Coronary Artery Disease on 2023-12-19 by José Henriques de Oliveira related to Patient 30197933",
      "action_flag": 1,
      "change_message": "[{\"added\": {}}]"
    }
  },
  {
    "model": "admin.logentry",
    "pk": 120,
    "fields": {
      "action_time": "2023-12-19T10:58:10.757Z",
      "user": 1,
      "content_type": 16,
      "object_id": "2",
      "object_repr": "Diagnosis Hypertension on 2023-12-19 by Leonor Costa Pereira related to Patient 35505557",
      "action_flag": 1,
      "change_message": "[{\"added\": {}}]"
    }
  },
  {
    "model": "admin.logentry",
    "pk": 121,
    "fields": {
      "action_time": "2023-12-19T11:00:05.875Z",
      "user": 1,
      "content_type": 16,
      "object_id": "3",
      "object_repr": "Diagnosis Appendicitis on 2023-12-19 by Diogo Alves Silva related to Patient 19731370",
      "action_flag": 1,
      "change_message": "[{\"added\": {}}]"
    }
  },
  {
    "model": "admin.logentry",
    "pk": 122,
    "fields": {
      "action_time": "2023-12-19T11:00:36.585Z",
      "user": 1,
      "content_type": 16,
      "object_id": "4",
      "object_repr": "Diagnosis Status Epilepticus on 2023-12-19 by Diogo Alves Silva related to Patient 13712785",
      "action_flag": 1,
      "change_message": "[{\"added\": {}}]"
    }
  },
  {
    "model": "admin.logentry",
    "pk": 123,
    "fields": {
      "action_time": "2023-12-19T11:00:58.056Z",
      "user": 1,
      "content_type": 16,
      "object_id": "5",
      "object_repr": "Diagnosis Gallstones on 2023-12-19 by Joana Oliveira Costa related to Patient 47547384",
      "action_flag": 1,
      "change_message": "[{\"added\": {}}]"
    }
  },
  {
    "model": "admin.logentry",
    "pk": 124,
    "fields": {
      "action_time": "2023-12-19T11:02:09.811Z",
      "user": 1,
      "content_type": 16,
      "object_id": "6",
      "object_repr": "Diagnosis Diabetes on 2023-12-19 by Lucas Fernandes Pereira related to Patient 23672096",
      "action_flag": 1,
      "change_message": "[{\"added\": {}}]"
    }
  },
  {
    "model": "admin.logentry",
    "pk": 125,
    "fields": {
      "action_time": "2023-12-19T11:03:49.744Z",
      "user": 1,
      "content_type": 16,
      "object_id": "7",
      "object_repr": "Diagnosis Asthma on 2023-12-19 by Nuno Martins Almeida related to Patient 14443557",
      "action_flag": 1,
      "change_message": "[{\"added\": {}}]"
    }
  },
  {
    "model": "admin.logentry",
    "pk": 126,
    "fields": {
      "action_time": "2023-12-19T11:05:40.431Z",
      "user": 1,
      "content_type": 16,
      "object_id": "8",
      "object_repr": "Diagnosis Hypothyroidism on 2023-12-19 by Filipa Santos Costa related to Patient 27388258",
      "action_flag": 1,
      "change_message": "[{\"added\": {}}]"
    }
  },
  {
    "model": "admin.logentry",
    "pk": 127,
    "fields": {
      "action_time": "2023-12-19T11:08:50.440Z",
      "user": 1,
      "content_type": 16,
      "object_id": "1",
      "object_repr": "Diagnosis Coronary Artery Disease on 2023-01-01 by José Henriques de Oliveira related to Patient 30197933",
      "action_flag": 2,
      "change_message": "[{\"changed\": {\"fields\": [\"Date\"]}}]"
    }
  },
  {
    "model": "admin.logentry",
    "pk": 128,
    "fields": {
      "action_time": "2023-12-19T11:09:10.333Z",
      "user": 1,
      "content_type": 16,
      "object_id": "2",
      "object_repr": "Diagnosis Hypertension on 2023-01-03 by Leonor Costa Pereira related to Patient 35505557",
      "action_flag": 2,
      "change_message": "[{\"changed\": {\"fields\": [\"Date\"]}}]"
    }
  },
  {
    "model": "admin.logentry",
    "pk": 129,
    "fields": {
      "action_time": "2023-12-19T11:09:22.228Z",
      "user": 1,
      "content_type": 16,
      "object_id": "3",
      "object_repr": "Diagnosis Appendicitis on 2023-01-05 by Diogo Alves Silva related to Patient 19731370",
      "action_flag": 2,
      "change_message": "[{\"changed\": {\"fields\": [\"Date\"]}}]"
    }
  },
  {
    "model": "admin.logentry",
    "pk": 130,
    "fields": {
      "action_time": "2023-12-19T11:09:42.220Z",
      "user": 1,
      "content_type": 16,
      "object_id": "4",
      "object_repr": "Diagnosis Status Epilepticus on 2023-01-05 by Diogo Alves Silva related to Patient 13712785",
      "action_flag": 2,
      "change_message": "[{\"changed\": {\"fields\": [\"Date\"]}}]"
    }
  },
  {
    "model": "admin.logentry",
    "pk": 131,
    "fields": {
      "action_time": "2023-12-19T11:09:55.280Z",
      "user": 1,
      "content_type": 16,
      "object_id": "5",
      "object_repr": "Diagnosis Gallstones on 2023-01-08 by Joana Oliveira Costa related to Patient 47547384",
      "action_flag": 2,
      "change_message": "[{\"changed\": {\"fields\": [\"Date\"]}}]"
    }
  },
  {
    "model": "admin.logentry",
    "pk": 132,
    "fields": {
      "action_time": "2023-12-19T11:10:19.442Z",
      "user": 1,
      "content_type": 16,
      "object_id": "6",
      "object_repr": "Diagnosis Diabetes on 2023-01-08 by Lucas Fernandes Pereira related to Patient 23672096",
      "action_flag": 2,
      "change_message": "[{\"changed\": {\"fields\": [\"Date\"]}}]"
    }
  },
  {
    "model": "admin.logentry",
    "pk": 133,
    "fields": {
      "action_time": "2023-12-19T11:10:33.856Z",
      "user": 1,
      "content_type": 16,
      "object_id": "7",
      "object_repr": "Diagnosis Asthma on 2023-01-10 by Nuno Martins Almeida related to Patient 14443557",
      "action_flag": 2,
      "change_message": "[{\"changed\": {\"fields\": [\"Date\"]}}]"
    }
  },
  {
    "model": "admin.logentry",
    "pk": 134,
    "fields": {
      "action_time": "2023-12-19T11:10:51.912Z",
      "user": 1,
      "content_type": 16,
      "object_id": "8",
      "object_repr": "Diagnosis Hypothyroidism on 2023-01-10 by Filipa Santos Costa related to Patient 27388258",
      "action_flag": 2,
      "change_message": "[{\"changed\": {\"fields\": [\"Date\"]}}]"
    }
  },
  {
    "model": "admin.logentry",
    "pk": 135,
    "fields": {
      "action_time": "2023-12-19T11:11:25.202Z",
      "user": 1,
      "content_type": 16,
      "object_id": "9",
      "object_repr": "Diagnosis Diabetes on 2023-01-10 by Filipa Santos Costa related to Patient 35505557",
      "action_flag": 1,
      "change_message": "[{\"added\": {}}]"
    }
  },
  {
    "model": "admin.logentry",
    "pk": 136,
    "fields": {
      "action_time": "2023-12-19T11:12:20.359Z",
      "user": 1,
      "content_type": 16,
      "object_id": "10",
      "object_repr": "Diagnosis Lung cancer on 2023-01-17 by Matilde Sousa Martins related to Patient 47045403",
      "action_flag": 1,
      "change_message": "[{\"added\": {}}]"
    }
  },
  {
    "model": "admin.logentry",
    "pk": 137,
    "fields": {
      "action_time": "2023-12-19T11:12:57.697Z",
      "user": 1,
      "content_type": 16,
      "object_id": "11",
      "object_repr": "Diagnosis Coronary Artery Disease on 2023-01-15 by José Henriques de Oliveira related to Patient 27381631",
      "action_flag": 1,
      "change_message": "[{\"added\": {}}]"
    }
  },
  {
    "model": "admin.logentry",
    "pk": 138,
    "fields": {
      "action_time": "2023-12-19T11:15:31.102Z",
      "user": 1,
      "content_type": 16,
      "object_id": "12",
      "object_repr": "Diagnosis Leukemia on 2023-01-23 by Matilde Sousa Martins related to Patient 29053914",
      "action_flag": 1,
      "change_message": "[{\"added\": {}}]"
    }
  },
  {
    "model": "admin.logentry",
    "pk": 139,
    "fields": {
      "action_time": "2023-12-19T11:16:04.645Z",
      "user": 1,
      "content_type": 16,
      "object_id": "13",
      "object_repr": "Diagnosis Pneumonia on 2023-01-21 by Nuno Martins Almeida related to Patient 47045403",
      "action_flag": 1,
      "change_message": "[{\"added\": {}}]"
    }
  },
  {
    "model": "admin.logentry",
    "pk": 140,
    "fields": {
      "action_time": "2023-12-19T11:16:49.012Z",
      "user": 1,
      "content_type": 16,
      "object_id": "14",
      "object_repr": "Diagnosis Congestive Heart Failure on 2023-01-28 by Leonor Costa Pereira related to Patient 35505557",
      "action_flag": 1,
      "change_message": "[{\"added\": {}}]"
    }
  },
  {
    "model": "admin.logentry",
    "pk": 141,
    "fields": {
      "action_time": "2023-12-19T11:19:58.468Z",
      "user": 1,
      "content_type": 15,
      "object_id": "1",
      "object_repr": "Exam Electrocardiogram for patient 30197933",
      "action_flag": 1,
      "change_message": "[{\"added\": {}}]"
    }
  },
  {
    "model": "admin.logentry",
    "pk": 142,
    "fields": {
      "action_time": "2023-12-19T11:20:22.685Z",
      "user": 1,
      "content_type": 15,
      "object_id": "2",
      "object_repr": "Exam Blood Pressure Measurement for patient 35505557",
      "action_flag": 1,
      "change_message": "[{\"added\": {}}]"
    }
  },
  {
    "model": "admin.logentry",
    "pk": 143,
    "fields": {
      "action_time": "2023-12-19T11:20:54.821Z",
      "user": 1,
      "content_type": 15,
      "object_id": "3",
      "object_repr": "Exam Abdominal Computed Tomography for patient 19731370",
      "action_flag": 1,
      "change_message": "[{\"added\": {}}]"
    }
  },
  {
    "model": "admin.logentry",
    "pk": 144,
    "fields": {
      "action_time": "2023-12-19T11:21:22.623Z",
      "user": 1,
      "content_type": 15,
      "object_id": "4",
      "object_repr": "Exam Electroencephalogram for patient 13712785",
      "action_flag": 1,
      "change_message": "[{\"added\": {}}]"
    }
  },
  {
    "model": "admin.logentry",
    "pk": 145,
    "fields": {
      "action_time": "2023-12-19T11:21:52.443Z",
      "user": 1,
      "content_type": 15,
      "object_id": "5",
      "object_repr": "Exam Urinalysis for patient 47547384",
      "action_flag": 1,
      "change_message": "[{\"added\": {}}]"
    }
  },
  {
    "model": "admin.logentry",
    "pk": 146,
    "fields": {
      "action_time": "2023-12-19T11:22:20.201Z",
      "user": 1,
      "content_type": 15,
      "object_id": "6",
      "object_repr": "Exam Fasting Blood Glucose for patient 23672096",
      "action_flag": 1,
      "change_message": "[{\"added\": {}}]"
    }
  },
  {
    "model": "admin.logentry",
    "pk": 147,
    "fields": {
      "action_time": "2023-12-19T11:22:50.833Z",
      "user": 1,
      "content_type": 15,
      "object_id": "7",
      "object_repr": "Exam Spirometry for patient 14443557",
      "action_flag": 1,
      "change_message": "[{\"added\": {}}]"
    }
  },
  {
    "model": "admin.logentry",
    "pk": 148,
    "fields": {
      "action_time": "2023-12-19T11:23:39.496Z",
      "user": 1,
      "content_type": 15,
      "object_id": "8",
      "object_repr": "Exam Thyroid Stimulating Hormone level for patient 27388258",
      "action_flag": 1,
      "change_message": "[{\"added\": {}}]"
    }
  },
  {
    "model": "admin.logentry",
    "pk": 149,
    "fields": {
      "action_time": "2023-12-19T11:24:16.679Z",
      "user": 1,
      "content_type": 15,
      "object_id": "9",
      "object_repr": "Exam Fasting Blood Glucose for patient 35505557",
      "action_flag": 1,
      "change_message": "[{\"added\": {}}]"
    }
  },
  {
    "model": "admin.logentry",
    "pk": 150,
    "fields": {
      "action_time": "2023-12-19T11:25:02.630Z",
      "user": 1,
      "content_type": 15,
      "object_id": "10",
      "object_repr": "Exam Computed Tomography of the Chest for patient 35505557",
      "action_flag": 1,
      "change_message": "[{\"added\": {}}]"
    }
  },
  {
    "model": "admin.logentry",
    "pk": 151,
    "fields": {
      "action_time": "2023-12-19T11:25:24.274Z",
      "user": 1,
      "content_type": 15,
      "object_id": "11",
      "object_repr": "Exam Biopsy for patient 35505557",
      "action_flag": 1,
      "change_message": "[{\"added\": {}}]"
    }
  },
  {
    "model": "admin.logentry",
    "pk": 152,
    "fields": {
      "action_time": "2023-12-19T11:25:55.314Z",
      "user": 1,
      "content_type": 15,
      "object_id": "12",
      "object_repr": "Exam Electrocardiogram for patient 27381631",
      "action_flag": 1,
      "change_message": "[{\"added\": {}}]"
    }
  },
  {
    "model": "admin.logentry",
    "pk": 153,
    "fields": {
      "action_time": "2023-12-19T11:26:18.329Z",
      "user": 1,
      "content_type": 15,
      "object_id": "13",
      "object_repr": "Exam Complete Blood Count for patient 29053914",
      "action_flag": 1,
      "change_message": "[{\"added\": {}}]"
    }
  },
  {
    "model": "admin.logentry",
    "pk": 154,
    "fields": {
      "action_time": "2023-12-19T11:26:41.228Z",
      "user": 1,
      "content_type": 15,
      "object_id": "14",
      "object_repr": "Exam Bone Marrow Biopsy for patient 29053914",
      "action_flag": 1,
      "change_message": "[{\"added\": {}}]"
    }
  },
  {
    "model": "admin.logentry",
    "pk": 155,
    "fields": {
      "action_time": "2023-12-19T11:27:14.958Z",
      "user": 1,
      "content_type": 15,
      "object_id": "15",
      "object_repr": "Exam X-rays for patient 47045403",
      "action_flag": 1,
      "change_message": "[{\"added\": {}}]"
    }
  },
  {
    "model": "admin.logentry",
    "pk": 156,
    "fields": {
      "action_time": "2023-12-19T11:27:31.264Z",
      "user": 1,
      "content_type": 15,
      "object_id": "16",
      "object_repr": "Exam Electrocardiogram for patient 35505557",
      "action_flag": 1,
      "change_message": "[{\"added\": {}}]"
    }
  },
  {
    "model": "admin.logentry",
    "pk": 157,
    "fields": {
      "action_time": "2023-12-19T12:05:24.254Z",
      "user": 1,
      "content_type": 12,
      "object_id": "1",
      "object_repr": "2023-12-19 - 30197933 by 14937214",
      "action_flag": 1,
      "change_message": "[{\"added\": {}}]"
    }
  },
  {
    "model": "admin.logentry",
    "pk": 158,
    "fields": {
      "action_time": "2023-12-19T12:05:37.762Z",
      "user": 1,
      "content_type": 12,
      "object_id": "2",
      "object_repr": "2023-12-19 - 35505557 by 31785905",
      "action_flag": 1,
      "change_message": "[{\"added\": {}}]"
    }
  },
  {
    "model": "admin.logentry",
    "pk": 159,
    "fields": {
      "action_time": "2023-12-19T12:05:51.558Z",
      "user": 1,
      "content_type": 12,
      "object_id": "3",
      "object_repr": "2023-12-19 - 19731370 by 40767197",
      "action_flag": 1,
      "change_message": "[{\"added\": {}}]"
    }
  },
  {
    "model": "admin.logentry",
    "pk": 160,
    "fields": {
      "action_time": "2023-12-19T12:06:05.604Z",
      "user": 1,
      "content_type": 12,
      "object_id": "4",
      "object_repr": "2023-12-19 - 13712785 by 19611552",
      "action_flag": 1,
      "change_message": "[{\"added\": {}}]"
    }
  },
  {
    "model": "admin.logentry",
    "pk": 161,
    "fields": {
      "action_time": "2023-12-19T12:06:14.508Z",
      "user": 1,
      "content_type": 12,
      "object_id": "5",
      "object_repr": "2023-12-19 - 47547384 by 40767197",
      "action_flag": 1,
      "change_message": "[{\"added\": {}}]"
    }
  },
  {
    "model": "admin.logentry",
    "pk": 162,
    "fields": {
      "action_time": "2023-12-19T12:06:30.252Z",
      "user": 1,
      "content_type": 12,
      "object_id": "6",
      "object_repr": "2023-12-19 - 23672096 by 38010963",
      "action_flag": 1,
      "change_message": "[{\"added\": {}}]"
    }
  },
  {
    "model": "admin.logentry",
    "pk": 163,
    "fields": {
      "action_time": "2023-12-19T12:06:41.115Z",
      "user": 1,
      "content_type": 12,
      "object_id": "7",
      "object_repr": "2023-12-19 - 14443557 by 33856642",
      "action_flag": 1,
      "change_message": "[{\"added\": {}}]"
    }
  },
  {
    "model": "admin.logentry",
    "pk": 164,
    "fields": {
      "action_time": "2023-12-19T12:06:54.026Z",
      "user": 1,
      "content_type": 12,
      "object_id": "8",
      "object_repr": "2023-12-19 - 27388258 by 46239036",
      "action_flag": 1,
      "change_message": "[{\"added\": {}}]"
    }
  },
  {
    "model": "admin.logentry",
    "pk": 165,
    "fields": {
      "action_time": "2023-12-19T12:07:12.896Z",
      "user": 1,
      "content_type": 12,
      "object_id": "9",
      "object_repr": "2023-12-19 - 35505557 by 46239036",
      "action_flag": 1,
      "change_message": "[{\"added\": {}}]"
    }
  },
  {
    "model": "admin.logentry",
    "pk": 166,
    "fields": {
      "action_time": "2023-12-19T12:07:53.052Z",
      "user": 1,
      "content_type": 12,
      "object_id": "10",
      "object_repr": "2023-12-19 - 47045403 by 37500183",
      "action_flag": 1,
      "change_message": "[{\"added\": {}}]"
    }
  },
  {
    "model": "admin.logentry",
    "pk": 167,
    "fields": {
      "action_time": "2023-12-19T12:08:17.174Z",
      "user": 1,
      "content_type": 12,
      "object_id": "11",
      "object_repr": "2023-12-19 - 27381631 by 14937214",
      "action_flag": 1,
      "change_message": "[{\"added\": {}}]"
    }
  },
  {
    "model": "admin.logentry",
    "pk": 168,
    "fields": {
      "action_time": "2023-12-19T12:08:26.302Z",
      "user": 1,
      "content_type": 12,
      "object_id": "12",
      "object_repr": "2023-12-19 - 29053914 by 37500183",
      "action_flag": 1,
      "change_message": "[{\"added\": {}}]"
    }
  },
  {
    "model": "admin.logentry",
    "pk": 169,
    "fields": {
      "action_time": "2023-12-19T12:08:41.743Z",
      "user": 1,
      "content_type": 12,
      "object_id": "13",
      "object_repr": "2023-12-19 - 47045403 by 33856642",
      "action_flag": 1,
      "change_message": "[{\"added\": {}}]"
    }
  },
  {
    "model": "admin.logentry",
    "pk": 170,
    "fields": {
      "action_time": "2023-12-19T12:08:50.640Z",
      "user": 1,
      "content_type": 12,
      "object_id": "14",
      "object_repr": "2023-12-19 - 35505557 by 31785905",
      "action_flag": 1,
      "change_message": "[{\"added\": {}}]"
    }
  },
  {
    "model": "admin.logentry",
    "pk": 171,
    "fields": {
      "action_time": "2023-12-19T12:10:45.468Z",
      "user": 1,
      "content_type": 14,
      "object_id": "1",
      "object_repr": "2023-12-19 - 30197933 by 14937214 - Aspirin",
      "action_flag": 1,
      "change_message": "[{\"added\": {}}]"
    }
  },
  {
    "model": "admin.logentry",
    "pk": 172,
    "fields": {
      "action_time": "2023-12-19T12:17:01.643Z",
      "user": 1,
      "content_type": 12,
      "object_id": "1",
      "object_repr": "2023-01-01 - 30197933 by 14937214",
      "action_flag": 2,
      "change_message": "[{\"changed\": {\"fields\": [\"Prescription date\"]}}]"
    }
  },
  {
    "model": "admin.logentry",
    "pk": 173,
    "fields": {
      "action_time": "2023-12-19T12:18:53.764Z",
      "user": 1,
      "content_type": 12,
      "object_id": "2",
      "object_repr": "2023-01-03 - 35505557 by 31785905",
      "action_flag": 2,
      "change_message": "[{\"changed\": {\"fields\": [\"Prescription date\"]}}]"
    }
  },
  {
    "model": "admin.logentry",
    "pk": 174,
    "fields": {
      "action_time": "2023-12-19T12:19:11.186Z",
      "user": 1,
      "content_type": 12,
      "object_id": "3",
      "object_repr": "2023-01-05 - 19731370 by 40767197",
      "action_flag": 2,
      "change_message": "[{\"changed\": {\"fields\": [\"Prescription date\"]}}]"
    }
  },
  {
    "model": "admin.logentry",
    "pk": 175,
    "fields": {
      "action_time": "2023-12-19T12:19:22.187Z",
      "user": 1,
      "content_type": 12,
      "object_id": "4",
      "object_repr": "2023-01-05 - 13712785 by 19611552",
      "action_flag": 2,
      "change_message": "[{\"changed\": {\"fields\": [\"Prescription date\"]}}]"
    }
  },
  {
    "model": "admin.logentry",
    "pk": 176,
    "fields": {
      "action_time": "2023-12-19T12:19:36.469Z",
      "user": 1,
      "content_type": 12,
      "object_id": "5",
      "object_repr": "2023-01-08 - 47547384 by 40767197",
      "action_flag": 2,
      "change_message": "[{\"changed\": {\"fields\": [\"Prescription date\"]}}]"
    }
  },
  {
    "model": "admin.logentry",
    "pk": 177,
    "fields": {
      "action_time": "2023-12-19T12:26:17.023Z",
      "user": 1,
      "content_type": 12,
      "object_id": "6",
      "object_repr": "2023-01-08 - 23672096 by 38010963",
      "action_flag": 2,
      "change_message": "[{\"changed\": {\"fields\": [\"Prescription date\"]}}]"
    }
  },
  {
    "model": "admin.logentry",
    "pk": 178,
    "fields": {
      "action_time": "2023-12-19T12:26:27.865Z",
      "user": 1,
      "content_type": 12,
      "object_id": "7",
      "object_repr": "2023-01-10 - 14443557 by 33856642",
      "action_flag": 2,
      "change_message": "[{\"changed\": {\"fields\": [\"Prescription date\"]}}]"
    }
  },
  {
    "model": "admin.logentry",
    "pk": 179,
    "fields": {
      "action_time": "2023-12-19T12:26:39.710Z",
      "user": 1,
      "content_type": 12,
      "object_id": "8",
      "object_repr": "2023-01-10 - 27388258 by 46239036",
      "action_flag": 2,
      "change_message": "[{\"changed\": {\"fields\": [\"Prescription date\"]}}]"
    }
  },
  {
    "model": "admin.logentry",
    "pk": 180,
    "fields": {
      "action_time": "2023-12-19T12:26:45.827Z",
      "user": 1,
      "content_type": 12,
      "object_id": "9",
      "object_repr": "2023-01-10 - 35505557 by 46239036",
      "action_flag": 2,
      "change_message": "[{\"changed\": {\"fields\": [\"Prescription date\"]}}]"
    }
  },
  {
    "model": "admin.logentry",
    "pk": 181,
    "fields": {
      "action_time": "2023-12-19T12:27:00.427Z",
      "user": 1,
      "content_type": 12,
      "object_id": "10",
      "object_repr": "2023-01-17 - 47045403 by 37500183",
      "action_flag": 2,
      "change_message": "[{\"changed\": {\"fields\": [\"Prescription date\"]}}]"
    }
  },
  {
    "model": "admin.logentry",
    "pk": 182,
    "fields": {
      "action_time": "2023-12-19T12:27:07.131Z",
      "user": 1,
      "content_type": 12,
      "object_id": "11",
      "object_repr": "2023-01-15 - 27381631 by 14937214",
      "action_flag": 2,
      "change_message": "[{\"changed\": {\"fields\": [\"Prescription date\"]}}]"
    }
  },
  {
    "model": "admin.logentry",
    "pk": 183,
    "fields": {
      "action_time": "2023-12-19T12:27:13.953Z",
      "user": 1,
      "content_type": 12,
      "object_id": "12",
      "object_repr": "2023-01-23 - 29053914 by 37500183",
      "action_flag": 2,
      "change_message": "[{\"changed\": {\"fields\": [\"Prescription date\"]}}]"
    }
  },
  {
    "model": "admin.logentry",
    "pk": 184,
    "fields": {
      "action_time": "2023-12-19T12:27:18.814Z",
      "user": 1,
      "content_type": 12,
      "object_id": "13",
      "object_repr": "2023-01-21 - 47045403 by 33856642",
      "action_flag": 2,
      "change_message": "[{\"changed\": {\"fields\": [\"Prescription date\"]}}]"
    }
  },
  {
    "model": "admin.logentry",
    "pk": 185,
    "fields": {
      "action_time": "2023-12-19T12:27:24.522Z",
      "user": 1,
      "content_type": 12,
      "object_id": "14",
      "object_repr": "2023-01-28 - 35505557 by 31785905",
      "action_flag": 2,
      "change_message": "[{\"changed\": {\"fields\": [\"Prescription date\"]}}]"
    }
  },
  {
    "model": "admin.logentry",
    "pk": 186,
    "fields": {
      "action_time": "2023-12-19T12:28:58.532Z",
      "user": 1,
      "content_type": 14,
      "object_id": "2",
      "object_repr": "2023-01-03 - 35505557 by 31785905 - Lisinopril",
      "action_flag": 1,
      "change_message": "[{\"added\": {}}]"
    }
  },
  {
    "model": "admin.logentry",
    "pk": 187,
    "fields": {
      "action_time": "2023-12-19T12:29:29.187Z",
      "user": 1,
      "content_type": 14,
      "object_id": "3",
      "object_repr": "2023-01-05 - 19731370 by 40767197 - Morphine",
      "action_flag": 1,
      "change_message": "[{\"added\": {}}]"
    }
  },
  {
    "model": "admin.logentry",
    "pk": 188,
    "fields": {
      "action_time": "2023-12-19T12:30:11.675Z",
      "user": 1,
      "content_type": 14,
      "object_id": "4",
      "object_repr": "2023-01-05 - 13712785 by 19611552 - Lorazepam",
      "action_flag": 1,
      "change_message": "[{\"added\": {}}]"
    }
  },
  {
    "model": "admin.logentry",
    "pk": 189,
    "fields": {
      "action_time": "2023-12-19T12:30:50.288Z",
      "user": 1,
      "content_type": 14,
      "object_id": "5",
      "object_repr": "2023-01-08 - 47547384 by 40767197 - Acetaminophen",
      "action_flag": 1,
      "change_message": "[{\"added\": {}}]"
    }
  },
  {
    "model": "admin.logentry",
    "pk": 190,
    "fields": {
      "action_time": "2023-12-19T12:36:08.493Z",
      "user": 1,
      "content_type": 14,
      "object_id": "6",
      "object_repr": "2023-01-08 - 23672096 by 38010963 - Insulin Lispro",
      "action_flag": 1,
      "change_message": "[{\"added\": {}}]"
    }
  },
  {
    "model": "admin.logentry",
    "pk": 191,
    "fields": {
      "action_time": "2023-12-19T12:36:54.873Z",
      "user": 1,
      "content_type": 14,
      "object_id": "7",
      "object_repr": "2023-01-08 - 23672096 by 38010963 - Insulin Glargine",
      "action_flag": 1,
      "change_message": "[{\"added\": {}}]"
    }
  },
  {
    "model": "admin.logentry",
    "pk": 192,
    "fields": {
      "action_time": "2023-12-19T12:37:44.539Z",
      "user": 1,
      "content_type": 14,
      "object_id": "8",
      "object_repr": "2023-01-10 - 14443557 by 33856642 - Albuterol",
      "action_flag": 1,
      "change_message": "[{\"added\": {}}]"
    }
  },
  {
    "model": "admin.logentry",
    "pk": 193,
    "fields": {
      "action_time": "2023-12-19T12:38:36.827Z",
      "user": 1,
      "content_type": 14,
      "object_id": "9",
      "object_repr": "2023-01-10 - 27388258 by 46239036 - Levothyroxine",
      "action_flag": 1,
      "change_message": "[{\"added\": {}}]"
    }
  },
  {
    "model": "admin.logentry",
    "pk": 194,
    "fields": {
      "action_time": "2023-12-19T12:39:16.078Z",
      "user": 1,
      "content_type": 14,
      "object_id": "10",
      "object_repr": "2023-01-10 - 35505557 by 46239036 - Insulin Lispro",
      "action_flag": 1,
      "change_message": "[{\"added\": {}}]"
    }
  },
  {
    "model": "admin.logentry",
    "pk": 195,
    "fields": {
      "action_time": "2023-12-19T12:39:36.643Z",
      "user": 1,
      "content_type": 14,
      "object_id": "11",
      "object_repr": "2023-01-10 - 35505557 by 46239036 - Insulin Glargine",
      "action_flag": 1,
      "change_message": "[{\"added\": {}}]"
    }
  },
  {
    "model": "admin.logentry",
    "pk": 196,
    "fields": {
      "action_time": "2023-12-19T12:40:48.527Z",
      "user": 1,
      "content_type": 14,
      "object_id": "12",
      "object_repr": "2023-01-17 - 47045403 by 37500183 - Paclitaxel",
      "action_flag": 1,
      "change_message": "[{\"added\": {}}]"
    }
  },
  {
    "model": "admin.logentry",
    "pk": 197,
    "fields": {
      "action_time": "2023-12-19T12:41:15.363Z",
      "user": 1,
      "content_type": 14,
      "object_id": "13",
      "object_repr": "2023-01-15 - 27381631 by 14937214 - Aspirin",
      "action_flag": 1,
      "change_message": "[{\"added\": {}}]"
    }
  },
  {
    "model": "admin.logentry",
    "pk": 198,
    "fields": {
      "action_time": "2023-12-19T12:42:03.326Z",
      "user": 1,
      "content_type": 14,
      "object_id": "14",
      "object_repr": "2023-01-23 - 29053914 by 37500183 - Dexamethasone",
      "action_flag": 1,
      "change_message": "[{\"added\": {}}]"
    }
  },
  {
    "model": "admin.logentry",
    "pk": 199,
    "fields": {
      "action_time": "2023-12-19T12:42:47.922Z",
      "user": 1,
      "content_type": 14,
      "object_id": "15",
      "object_repr": "2023-01-21 - 47045403 by 33856642 - Amoxicillin",
      "action_flag": 1,
      "change_message": "[{\"added\": {}}]"
    }
  },
  {
    "model": "admin.logentry",
    "pk": 200,
    "fields": {
      "action_time": "2023-12-19T12:43:30.246Z",
      "user": 1,
      "content_type": 14,
      "object_id": "16",
      "object_repr": "2023-01-28 - 35505557 by 31785905 - Spironolactone",
      "action_flag": 1,
      "change_message": "[{\"added\": {}}]"
    }
  },
  {
    "model": "admin.logentry",
    "pk": 201,
    "fields": {
      "action_time": "2023-12-19T12:44:50.942Z",
      "user": 1,
      "content_type": 16,
      "object_id": "12",
      "object_repr": "Diagnosis Leukemia on 2023-01-23 by Matilde Sousa Martins related to Patient 29053914",
      "action_flag": 2,
      "change_message": "[{\"changed\": {\"fields\": [\"Comment\"]}}]"
    }
  },
  {
    "model": "admin.logentry",
    "pk": 202,
    "fields": {
      "action_time": "2023-12-19T12:45:01.959Z",
      "user": 1,
      "content_type": 16,
      "object_id": "10",
      "object_repr": "Diagnosis Lung cancer on 2023-01-17 by Matilde Sousa Martins related to Patient 47045403",
      "action_flag": 2,
      "change_message": "[{\"changed\": {\"fields\": [\"Comment\"]}}]"
    }
  },
  {
    "model": "admin.logentry",
    "pk": 203,
    "fields": {
      "action_time": "2023-12-29T17:18:23.053Z",
      "user": 1,
      "content_type": 11,
      "object_id": "44895585",
      "object_repr": "44895585 - Doctor Guilherme Martins Fernandes",
      "action_flag": 2,
      "change_message": "[{\"changed\": {\"fields\": [\"Image\"]}}]"
    }
  },
  {
    "model": "admin.logentry",
    "pk": 204,
    "fields": {
      "action_time": "2023-12-29T17:20:11.944Z",
      "user": 1,
      "content_type": 11,
      "object_id": "38010963",
      "object_repr": "38010963 - Doctor Lucas Fernandes Pereira",
      "action_flag": 2,
      "change_message": "[{\"changed\": {\"fields\": [\"Image\"]}}]"
    }
  },
  {
    "model": "admin.logentry",
    "pk": 205,
    "fields": {
      "action_time": "2023-12-29T17:21:52.522Z",
      "user": 1,
      "content_type": 11,
      "object_id": "44895585",
      "object_repr": "44895585 - Doctor Guilherme Martins Fernandes",
      "action_flag": 2,
      "change_message": "[{\"changed\": {\"fields\": [\"Image\"]}}]"
    }
  },
  {
    "model": "admin.logentry",
    "pk": 206,
    "fields": {
      "action_time": "2023-12-29T17:22:21.125Z",
      "user": 1,
      "content_type": 11,
      "object_id": "46239036",
      "object_repr": "46239036 - Doctor Filipa Santos Costa",
      "action_flag": 2,
      "change_message": "[{\"changed\": {\"fields\": [\"Image\"]}}]"
    }
  },
  {
    "model": "admin.logentry",
    "pk": 207,
    "fields": {
      "action_time": "2023-12-29T17:23:53.383Z",
      "user": 1,
      "content_type": 11,
      "object_id": "44895585",
      "object_repr": "44895585 - Doctor Guilherme Martins Fernandes",
      "action_flag": 2,
      "change_message": "[{\"changed\": {\"fields\": [\"Image\"]}}]"
    }
  },
  {
    "model": "admin.logentry",
    "pk": 208,
    "fields": {
      "action_time": "2023-12-29T17:25:13.533Z",
      "user": 1,
      "content_type": 11,
      "object_id": "14937214",
      "object_repr": "14937214 - Doctor José Henriques de Oliveira",
      "action_flag": 2,
      "change_message": "[{\"changed\": {\"fields\": [\"Birth date\", \"Image\"]}}]"
    }
  },
  {
    "model": "admin.logentry",
    "pk": 209,
    "fields": {
      "action_time": "2023-12-29T17:25:51.281Z",
      "user": 1,
      "content_type": 11,
      "object_id": "44895585",
      "object_repr": "44895585 - Doctor Guilherme Martins Fernandes",
      "action_flag": 2,
      "change_message": "[{\"changed\": {\"fields\": [\"Image\"]}}]"
    }
  },
  {
    "model": "admin.logentry",
    "pk": 210,
    "fields": {
      "action_time": "2023-12-29T17:26:37.316Z",
      "user": 1,
      "content_type": 11,
      "object_id": "40767197",
      "object_repr": "40767197 - Doctor Joana Oliveira Costa",
      "action_flag": 2,
      "change_message": "[{\"changed\": {\"fields\": [\"Image\"]}}]"
    }
  },
  {
    "model": "admin.logentry",
    "pk": 211,
    "fields": {
      "action_time": "2023-12-29T17:27:18.805Z",
      "user": 1,
      "content_type": 11,
      "object_id": "44895585",
      "object_repr": "44895585 - Doctor Guilherme Martins Fernandes",
      "action_flag": 2,
      "change_message": "[{\"changed\": {\"fields\": [\"Image\"]}}]"
    }
  },
  {
    "model": "admin.logentry",
    "pk": 212,
    "fields": {
      "action_time": "2023-12-29T17:27:47.099Z",
      "user": 1,
      "content_type": 11,
      "object_id": "44895585",
      "object_repr": "44895585 - Doctor Guilherme Martins Fernandes",
      "action_flag": 2,
      "change_message": "[{\"changed\": {\"fields\": [\"Image\"]}}]"
    }
  },
  {
    "model": "admin.logentry",
    "pk": 213,
    "fields": {
      "action_time": "2023-12-29T17:28:56.905Z",
      "user": 1,
      "content_type": 11,
      "object_id": "40767197",
      "object_repr": "40767197 - Doctor Joana Oliveira Costa",
      "action_flag": 2,
      "change_message": "[{\"changed\": {\"fields\": [\"Image\"]}}]"
    }
  },
  {
    "model": "admin.logentry",
    "pk": 214,
    "fields": {
      "action_time": "2023-12-29T17:30:28.189Z",
      "user": 1,
      "content_type": 11,
      "object_id": "33856642",
      "object_repr": "33856642 - Doctor Nuno Martins Almeida",
      "action_flag": 2,
      "change_message": "[{\"changed\": {\"fields\": [\"Image\"]}}]"
    }
  },
  {
    "model": "admin.logentry",
    "pk": 215,
    "fields": {
      "action_time": "2023-12-29T17:32:11.313Z",
      "user": 1,
      "content_type": 11,
      "object_id": "37500183",
      "object_repr": "37500183 - Doctor Matilde Sousa Martins",
      "action_flag": 2,
      "change_message": "[{\"changed\": {\"fields\": [\"Birth date\", \"Image\"]}}]"
    }
  },
  {
    "model": "admin.logentry",
    "pk": 216,
    "fields": {
      "action_time": "2023-12-29T17:35:20.316Z",
      "user": 1,
      "content_type": 11,
      "object_id": "31785905",
      "object_repr": "31785905 - Doctor Leonor Costa Pereira",
      "action_flag": 2,
      "change_message": "[{\"changed\": {\"fields\": [\"Birth date\", \"Image\"]}}]"
    }
  },
  {
    "model": "admin.logentry",
    "pk": 217,
    "fields": {
      "action_time": "2023-12-29T17:36:24.342Z",
      "user": 1,
      "content_type": 11,
      "object_id": "29504793",
      "object_repr": "29504793 - Doctor Rui Rodrigues Almeida",
      "action_flag": 2,
      "change_message": "[{\"changed\": {\"fields\": [\"Birth date\", \"Image\"]}}]"
    }
  },
  {
    "model": "admin.logentry",
    "pk": 218,
    "fields": {
      "action_time": "2023-12-29T17:37:08.601Z",
      "user": 1,
      "content_type": 11,
      "object_id": "19611552",
      "object_repr": "19611552 - Doctor Diogo Alves Silva",
      "action_flag": 2,
      "change_message": "[{\"changed\": {\"fields\": [\"Image\"]}}]"
    }
  },
  {
    "model": "admin.logentry",
    "pk": 219,
    "fields": {
      "action_time": "2023-12-29T17:37:49.267Z",
      "user": 1,
      "content_type": 11,
      "object_id": "31785905",
      "object_repr": "31785905 - Doctor Leonor Costa Pereira",
      "action_flag": 2,
      "change_message": "[{\"changed\": {\"fields\": [\"Image\"]}}]"
    }
  },
  {
    "model": "auth.permission",
    "pk": 1,
    "fields": {
      "name": "Can add log entry",
      "content_type": 1,
      "codename": "add_logentry"
    }
  },
  {
    "model": "auth.permission",
    "pk": 2,
    "fields": {
      "name": "Can change log entry",
      "content_type": 1,
      "codename": "change_logentry"
    }
  },
  {
    "model": "auth.permission",
    "pk": 3,
    "fields": {
      "name": "Can delete log entry",
      "content_type": 1,
      "codename": "delete_logentry"
    }
  },
  {
    "model": "auth.permission",
    "pk": 4,
    "fields": {
      "name": "Can view log entry",
      "content_type": 1,
      "codename": "view_logentry"
    }
  },
  {
    "model": "auth.permission",
    "pk": 5,
    "fields": {
      "name": "Can add permission",
      "content_type": 2,
      "codename": "add_permission"
    }
  },
  {
    "model": "auth.permission",
    "pk": 6,
    "fields": {
      "name": "Can change permission",
      "content_type": 2,
      "codename": "change_permission"
    }
  },
  {
    "model": "auth.permission",
    "pk": 7,
    "fields": {
      "name": "Can delete permission",
      "content_type": 2,
      "codename": "delete_permission"
    }
  },
  {
    "model": "auth.permission",
    "pk": 8,
    "fields": {
      "name": "Can view permission",
      "content_type": 2,
      "codename": "view_permission"
    }
  },
  {
    "model": "auth.permission",
    "pk": 9,
    "fields": {
      "name": "Can add group",
      "content_type": 3,
      "codename": "add_group"
    }
  },
  {
    "model": "auth.permission",
    "pk": 10,
    "fields": {
      "name": "Can change group",
      "content_type": 3,
      "codename": "change_group"
    }
  },
  {
    "model": "auth.permission",
    "pk": 11,
    "fields": {
      "name": "Can delete group",
      "content_type": 3,
      "codename": "delete_group"
    }
  },
  {
    "model": "auth.permission",
    "pk": 12,
    "fields": {
      "name": "Can view group",
      "content_type": 3,
      "codename": "view_group"
    }
  },
  {
    "model": "auth.permission",
    "pk": 13,
    "fields": {
      "name": "Can add user",
      "content_type": 4,
      "codename": "add_user"
    }
  },
  {
    "model": "auth.permission",
    "pk": 14,
    "fields": {
      "name": "Can change user",
      "content_type": 4,
      "codename": "change_user"
    }
  },
  {
    "model": "auth.permission",
    "pk": 15,
    "fields": {
      "name": "Can delete user",
      "content_type": 4,
      "codename": "delete_user"
    }
  },
  {
    "model": "auth.permission",
    "pk": 16,
    "fields": {
      "name": "Can view user",
      "content_type": 4,
      "codename": "view_user"
    }
  },
  {
    "model": "auth.permission",
    "pk": 17,
    "fields": {
      "name": "Can add content type",
      "content_type": 5,
      "codename": "add_contenttype"
    }
  },
  {
    "model": "auth.permission",
    "pk": 18,
    "fields": {
      "name": "Can change content type",
      "content_type": 5,
      "codename": "change_contenttype"
    }
  },
  {
    "model": "auth.permission",
    "pk": 19,
    "fields": {
      "name": "Can delete content type",
      "content_type": 5,
      "codename": "delete_contenttype"
    }
  },
  {
    "model": "auth.permission",
    "pk": 20,
    "fields": {
      "name": "Can view content type",
      "content_type": 5,
      "codename": "view_contenttype"
    }
  },
  {
    "model": "auth.permission",
    "pk": 21,
    "fields": {
      "name": "Can add session",
      "content_type": 6,
      "codename": "add_session"
    }
  },
  {
    "model": "auth.permission",
    "pk": 22,
    "fields": {
      "name": "Can change session",
      "content_type": 6,
      "codename": "change_session"
    }
  },
  {
    "model": "auth.permission",
    "pk": 23,
    "fields": {
      "name": "Can delete session",
      "content_type": 6,
      "codename": "delete_session"
    }
  },
  {
    "model": "auth.permission",
    "pk": 24,
    "fields": {
      "name": "Can view session",
      "content_type": 6,
      "codename": "view_session"
    }
  },
  {
    "model": "auth.permission",
    "pk": 25,
    "fields": {
      "name": "Can add admission",
      "content_type": 7,
      "codename": "add_admission"
    }
  },
  {
    "model": "auth.permission",
    "pk": 26,
    "fields": {
      "name": "Can change admission",
      "content_type": 7,
      "codename": "change_admission"
    }
  },
  {
    "model": "auth.permission",
    "pk": 27,
    "fields": {
      "name": "Can delete admission",
      "content_type": 7,
      "codename": "delete_admission"
    }
  },
  {
    "model": "auth.permission",
    "pk": 28,
    "fields": {
      "name": "Can view admission",
      "content_type": 7,
      "codename": "view_admission"
    }
  },
  {
    "model": "auth.permission",
    "pk": 29,
    "fields": {
      "name": "Can add department",
      "content_type": 8,
      "codename": "add_department"
    }
  },
  {
    "model": "auth.permission",
    "pk": 30,
    "fields": {
      "name": "Can change department",
      "content_type": 8,
      "codename": "change_department"
    }
  },
  {
    "model": "auth.permission",
    "pk": 31,
    "fields": {
      "name": "Can delete department",
      "content_type": 8,
      "codename": "delete_department"
    }
  },
  {
    "model": "auth.permission",
    "pk": 32,
    "fields": {
      "name": "Can view department",
      "content_type": 8,
      "codename": "view_department"
    }
  },
  {
    "model": "auth.permission",
    "pk": 33,
    "fields": {
      "name": "Can add exams code",
      "content_type": 9,
      "codename": "add_examscode"
    }
  },
  {
    "model": "auth.permission",
    "pk": 34,
    "fields": {
      "name": "Can change exams code",
      "content_type": 9,
      "codename": "change_examscode"
    }
  },
  {
    "model": "auth.permission",
    "pk": 35,
    "fields": {
      "name": "Can delete exams code",
      "content_type": 9,
      "codename": "delete_examscode"
    }
  },
  {
    "model": "auth.permission",
    "pk": 36,
    "fields": {
      "name": "Can view exams code",
      "content_type": 9,
      "codename": "view_examscode"
    }
  },
  {
    "model": "auth.permission",
    "pk": 37,
    "fields": {
      "name": "Can add patient",
      "content_type": 10,
      "codename": "add_patient"
    }
  },
  {
    "model": "auth.permission",
    "pk": 38,
    "fields": {
      "name": "Can change patient",
      "content_type": 10,
      "codename": "change_patient"
    }
  },
  {
    "model": "auth.permission",
    "pk": 39,
    "fields": {
      "name": "Can delete patient",
      "content_type": 10,
      "codename": "delete_patient"
    }
  },
  {
    "model": "auth.permission",
    "pk": 40,
    "fields": {
      "name": "Can view patient",
      "content_type": 10,
      "codename": "view_patient"
    }
  },
  {
    "model": "auth.permission",
    "pk": 41,
    "fields": {
      "name": "Can add physician",
      "content_type": 11,
      "codename": "add_physician"
    }
  },
  {
    "model": "auth.permission",
    "pk": 42,
    "fields": {
      "name": "Can change physician",
      "content_type": 11,
      "codename": "change_physician"
    }
  },
  {
    "model": "auth.permission",
    "pk": 43,
    "fields": {
      "name": "Can delete physician",
      "content_type": 11,
      "codename": "delete_physician"
    }
  },
  {
    "model": "auth.permission",
    "pk": 44,
    "fields": {
      "name": "Can view physician",
      "content_type": 11,
      "codename": "view_physician"
    }
  },
  {
    "model": "auth.permission",
    "pk": 45,
    "fields": {
      "name": "Can add prescription",
      "content_type": 12,
      "codename": "add_prescription"
    }
  },
  {
    "model": "auth.permission",
    "pk": 46,
    "fields": {
      "name": "Can change prescription",
      "content_type": 12,
      "codename": "change_prescription"
    }
  },
  {
    "model": "auth.permission",
    "pk": 47,
    "fields": {
      "name": "Can delete prescription",
      "content_type": 12,
      "codename": "delete_prescription"
    }
  },
  {
    "model": "auth.permission",
    "pk": 48,
    "fields": {
      "name": "Can view prescription",
      "content_type": 12,
      "codename": "view_prescription"
    }
  },
  {
    "model": "auth.permission",
    "pk": 49,
    "fields": {
      "name": "Can add speciality",
      "content_type": 13,
      "codename": "add_speciality"
    }
  },
  {
    "model": "auth.permission",
    "pk": 50,
    "fields": {
      "name": "Can change speciality",
      "content_type": 13,
      "codename": "change_speciality"
    }
  },
  {
    "model": "auth.permission",
    "pk": 51,
    "fields": {
      "name": "Can delete speciality",
      "content_type": 13,
      "codename": "delete_speciality"
    }
  },
  {
    "model": "auth.permission",
    "pk": 52,
    "fields": {
      "name": "Can view speciality",
      "content_type": 13,
      "codename": "view_speciality"
    }
  },
  {
    "model": "auth.permission",
    "pk": 53,
    "fields": {
      "name": "Can add prescription medication",
      "content_type": 14,
      "codename": "add_prescriptionmedication"
    }
  },
  {
    "model": "auth.permission",
    "pk": 54,
    "fields": {
      "name": "Can change prescription medication",
      "content_type": 14,
      "codename": "change_prescriptionmedication"
    }
  },
  {
    "model": "auth.permission",
    "pk": 55,
    "fields": {
      "name": "Can delete prescription medication",
      "content_type": 14,
      "codename": "delete_prescriptionmedication"
    }
  },
  {
    "model": "auth.permission",
    "pk": 56,
    "fields": {
      "name": "Can view prescription medication",
      "content_type": 14,
      "codename": "view_prescriptionmedication"
    }
  },
  {
    "model": "auth.permission",
    "pk": 57,
    "fields": {
      "name": "Can add exam",
      "content_type": 15,
      "codename": "add_exam"
    }
  },
  {
    "model": "auth.permission",
    "pk": 58,
    "fields": {
      "name": "Can change exam",
      "content_type": 15,
      "codename": "change_exam"
    }
  },
  {
    "model": "auth.permission",
    "pk": 59,
    "fields": {
      "name": "Can delete exam",
      "content_type": 15,
      "codename": "delete_exam"
    }
  },
  {
    "model": "auth.permission",
    "pk": 60,
    "fields": {
      "name": "Can view exam",
      "content_type": 15,
      "codename": "view_exam"
    }
  },
  {
    "model": "auth.permission",
    "pk": 61,
    "fields": {
      "name": "Can add diagnosis",
      "content_type": 16,
      "codename": "add_diagnosis"
    }
  },
  {
    "model": "auth.permission",
    "pk": 62,
    "fields": {
      "name": "Can change diagnosis",
      "content_type": 16,
      "codename": "change_diagnosis"
    }
  },
  {
    "model": "auth.permission",
    "pk": 63,
    "fields": {
      "name": "Can delete diagnosis",
      "content_type": 16,
      "codename": "delete_diagnosis"
    }
  },
  {
    "model": "auth.permission",
    "pk": 64,
    "fields": {
      "name": "Can view diagnosis",
      "content_type": 16,
      "codename": "view_diagnosis"
    }
  },
  {
    "model": "auth.user",
    "pk": 1,
    "fields": {
      "password": "pbkdf2_sha256$600000$0kVqgEJYd2KFPerCKVZdy3$3DxydtjsdOLGLyrTmQe5m2Zd6wIudy2+ZqhdlI44vZc=",
      "last_login": "2023-12-29T17:17:42.388Z",
      "is_superuser": true,
      "username": "ritam",
      "first_name": "",
      "last_name": "",
      "email": "",
      "is_staff": true,
      "is_active": true,
      "date_joined": "2023-12-14T18:01:41.516Z",
      "groups": [],
      "user_permissions": []
    }
  },
  {
    "model": "contenttypes.contenttype",
    "pk": 1,
    "fields": {
      "app_label": "admin",
      "model": "logentry"
    }
  },
  {
    "model": "contenttypes.contenttype",
    "pk": 2,
    "fields": {
      "app_label": "auth",
      "model": "permission"
    }
  },
  {
    "model": "contenttypes.contenttype",
    "pk": 3,
    "fields": {
      "app_label": "auth",
      "model": "group"
    }
  },
  {
    "model": "contenttypes.contenttype",
    "pk": 4,
    "fields": {
      "app_label": "auth",
      "model": "user"
    }
  },
  {
    "model": "contenttypes.contenttype",
    "pk": 5,
    "fields": {
      "app_label": "contenttypes",
      "model": "contenttype"
    }
  },
  {
    "model": "contenttypes.contenttype",
    "pk": 6,
    "fields": {
      "app_label": "sessions",
      "model": "session"
    }
  },
  {
    "model": "contenttypes.contenttype",
    "pk": 7,
    "fields": {
      "app_label": "app",
      "model": "admission"
    }
  },
  {
    "model": "contenttypes.contenttype",
    "pk": 8,
    "fields": {
      "app_label": "app",
      "model": "department"
    }
  },
  {
    "model": "contenttypes.contenttype",
    "pk": 9,
    "fields": {
      "app_label": "app",
      "model": "examscode"
    }
  },
  {
    "model": "contenttypes.contenttype",
    "pk": 10,
    "fields": {
      "app_label": "app",
      "model": "patient"
    }
  },
  {
    "model": "contenttypes.contenttype",
    "pk": 11,
    "fields": {
      "app_label": "app",
      "model": "physician"
    }
  },
  {
    "model": "contenttypes.contenttype",
    "pk": 12,
    "fields": {
      "app_label": "app",
      "model": "prescription"
    }
  },
  {
    "model": "contenttypes.contenttype",
    "pk": 13,
    "fields": {
      "app_label": "app",
      "model": "speciality"
    }
  },
  {
    "model": "contenttypes.contenttype",
    "pk": 14,
    "fields": {
      "app_label": "app",
      "model": "prescriptionmedication"
    }
  },
  {
    "model": "contenttypes.contenttype",
    "pk": 15,
    "fields": {
      "app_label": "app",
      "model": "exam"
    }
  },
  {
    "model": "contenttypes.contenttype",
    "pk": 16,
    "fields": {
      "app_label": "app",
      "model": "diagnosis"
    }
  },
  {
    "model": "sessions.session",
    "pk": "wsgx8gsi0vnb1nolcjgc5ik0vdvtvrnj",
    "fields": {
      "session_data": ".eJxVjMsOgjAURP-la9PQC6UXl-75hmb6EtS0CYWV8d-FhIVmdnPOzFtYbOtktxoXOwdxFUpcfjsH_4z5AOGBfC_Sl7wus5OHIk9a5VhCfN1O9-9gQp32tSOd-sCsY0t-iH1KGg0IigbGHseN14AxLRvfEUGTD0FpZmc6oBefL-zxOAU:1rDq3T:U8O1i0OFVo3bmAZArmKmTjY7YYShvLIvx8g3q9XLDCU",
      "expire_date": "2023-12-28T18:03:27.929Z"
    }
  },
  {
    "model": "sessions.session",
    "pk": "ycp89jeibxt28anikl7oglsqznptmnb0",
    "fields": {
      "session_data": ".eJxVjMsOgjAURP-la9PQC6UXl-75hmb6EtS0CYWV8d-FhIVmdnPOzFtYbOtktxoXOwdxFUpcfjsH_4z5AOGBfC_Sl7wus5OHIk9a5VhCfN1O9-9gQp32tSOd-sCsY0t-iH1KGg0IigbGHseN14AxLRvfEUGTD0FpZmc6oBefL-zxOAU:1rJGUQ:GMmWF1fnQFztfK_WnjOXXFvu1eWk2uCwt3wiYU6_3Q0",
      "expire_date": "2024-01-12T17:17:42.396Z"
    }
  },
  {
    "model": "app.speciality",
    "pk": 1,
    "fields": {
      "name": "Cardiologist"
    }
  },
  {
    "model": "app.speciality",
    "pk": 2,
    "fields": {
      "name": "Dermatologist"
    }
  },
  {
    "model": "app.speciality",
    "pk": 3,
    "fields": {
      "name": "Gastroenterologist"
    }
  },
  {
    "model": "app.speciality",
    "pk": 4,
    "fields": {
      "name": "Neurologist"
    }
  },
  {
    "model": "app.speciality",
    "pk": 5,
    "fields": {
      "name": "Ophthalmologist"
    }
  },
  {
    "model": "app.speciality",
    "pk": 6,
    "fields": {
      "name": "Otolaryngologist"
    }
  },
  {
    "model": "app.speciality",
    "pk": 7,
    "fields": {
      "name": "Urologist"
    }
  },
  {
    "model": "app.speciality",
    "pk": 8,
    "fields": {
      "name": "General Surgeon"
    }
  },
  {
    "model": "app.speciality",
    "pk": 9,
    "fields": {
      "name": "Cardiothoracic Surgeon"
    }
  },
  {
    "model": "app.speciality",
    "pk": 10,
    "fields": {
      "name": "Orthopedic Surgeon"
    }
  },
  {
    "model": "app.speciality",
    "pk": 11,
    "fields": {
      "name": "Obstetrician"
    }
  },
  {
    "model": "app.speciality",
    "pk": 12,
    "fields": {
      "name": "Gynacologist"
    }
  },
  {
    "model": "app.speciality",
    "pk": 13,
    "fields": {
      "name": "Family Medicine Physician"
    }
  },
  {
    "model": "app.speciality",
    "pk": 14,
    "fields": {
      "name": "Internal Medicine Physician"
    }
  },
  {
    "model": "app.speciality",
    "pk": 15,
    "fields": {
      "name": "Pediatrician"
    }
  },
  {
    "model": "app.speciality",
    "pk": 16,
    "fields": {
      "name": "Rheumatologist"
    }
  },
  {
    "model": "app.speciality",
    "pk": 17,
    "fields": {
      "name": "Immunologist"
    }
  },
  {
    "model": "app.speciality",
    "pk": 18,
    "fields": {
      "name": "Nutricionist"
    }
  },
  {
    "model": "app.speciality",
    "pk": 19,
    "fields": {
      "name": "Endocrinologist"
    }
  },
  {
    "model": "app.speciality",
    "pk": 20,
    "fields": {
      "name": "Nephrologist"
    }
  },
  {
    "model": "app.speciality",
    "pk": 21,
    "fields": {
      "name": "Dietitian"
    }
  },
  {
    "model": "app.speciality",
    "pk": 22,
    "fields": {
      "name": "Neurosurgeon"
    }
  },
  {
    "model": "app.speciality",
    "pk": 23,
    "fields": {
      "name": "Neurophysiologist"
    }
  },
  {
    "model": "app.speciality",
    "pk": 24,
    "fields": {
      "name": "Oncologist"
    }
  },
  {
    "model": "app.speciality",
    "pk": 25,
    "fields": {
      "name": "Orthopedic Physician"
    }
  },
  {
    "model": "app.speciality",
    "pk": 26,
    "fields": {
      "name": "Pulmonologist"
    }
  },
  {
    "model": "app.speciality",
    "pk": 27,
    "fields": {
      "name": "Critical Care Physicians"
    }
  },
  {
    "model": "app.department",
    "pk": 1,
    "fields": {
      "name": "Cardiology"
    }
  },
  {
    "model": "app.department",
    "pk": 2,
    "fields": {
      "name": "Coronary Care Unit"
    }
  },
  {
    "model": "app.department",
    "pk": 3,
    "fields": {
      "name": "Intensive Care Unit"
    }
  },
  {
    "model": "app.department",
    "pk": 4,
    "fields": {
      "name": "Gastoenterology"
    }
  },
  {
    "model": "app.department",
    "pk": 5,
    "fields": {
      "name": "General Surgery"
    }
  },
  {
    "model": "app.department",
    "pk": 6,
    "fields": {
      "name": "Obstetrics/Gynecology"
    }
  },
  {
    "model": "app.department",
    "pk": 7,
    "fields": {
      "name": "Maternity"
    }
  },
  {
    "model": "app.department",
    "pk": 8,
    "fields": {
      "name": "Nutrition and Dietetics"
    }
  },
  {
    "model": "app.department",
    "pk": 9,
    "fields": {
      "name": "Nefrology"
    }
  },
  {
    "model": "app.department",
    "pk": 10,
    "fields": {
      "name": "Neurology"
    }
  },
  {
    "model": "app.department",
    "pk": 11,
    "fields": {
      "name": "Neonatal"
    }
  },
  {
    "model": "app.department",
    "pk": 12,
    "fields": {
      "name": "Oncology"
    }
  },
  {
    "model": "app.department",
    "pk": 13,
    "fields": {
      "name": "Orthopedics"
    }
  },
  {
    "model": "app.department",
    "pk": 14,
    "fields": {
      "name": "Otolaryngology"
    }
  },
  {
    "model": "app.department",
    "pk": 15,
    "fields": {
      "name": "Radiology"
    }
  },
  {
    "model": "app.department",
    "pk": 16,
    "fields": {
      "name": "Urology"
    }
  },
  {
    "model": "app.department",
    "pk": 17,
    "fields": {
      "name": "Internal Medicine"
    }
  },
  {
    "model": "app.department",
    "pk": 18,
    "fields": {
      "name": "Dermatology"
    }
  },
  {
    "model": "app.department",
    "pk": 19,
    "fields": {
      "name": "Pneumology"
    }
  },
  {
    "model": "app.department",
    "pk": 20,
    "fields": {
      "name": "Pediatrics"
    }
  },
  {
    "model": "app.examscode",
    "pk": 1,
    "fields": {
      "description": "X-rays"
    }
  },
  {
    "model": "app.examscode",
    "pk": 2,
    "fields": {
      "description": "Abdominal Computed Tomography"
    }
  },
  {
    "model": "app.examscode",
    "pk": 3,
    "fields": {
      "description": "Electroencephalogram"
    }
  },
  {
    "model": "app.examscode",
    "pk": 4,
    "fields": {
      "description": "Urinalysis"
    }
  },
  {
    "model": "app.examscode",
    "pk": 5,
    "fields": {
      "description": "Fasting Blood Glucose"
    }
  },
  {
    "model": "app.examscode",
    "pk": 6,
    "fields": {
      "description": "Spirometry"
    }
  },
  {
    "model": "app.examscode",
    "pk": 7,
    "fields": {
      "description": "Thyroid Stimulating Hormone level"
    }
  },
  {
    "model": "app.examscode",
    "pk": 8,
    "fields": {
      "description": "Computed Tomography of the Chest"
    }
  },
  {
    "model": "app.examscode",
    "pk": 9,
    "fields": {
      "description": "Blood Pressure Measurement"
    }
  },
  {
    "model": "app.examscode",
    "pk": 10,
    "fields": {
      "description": "Complete Blood Count"
    }
  },
  {
    "model": "app.examscode",
    "pk": 11,
    "fields": {
      "description": "Bone Marrow Biopsy"
    }
  },
  {
    "model": "app.examscode",
    "pk": 12,
    "fields": {
      "description": "Magnetic Resonance Imaging - MRI"
    }
  },
  {
    "model": "app.examscode",
    "pk": 13,
    "fields": {
      "description": "Electrocardiogram"
    }
  },
  {
    "model": "app.examscode",
    "pk": 14,
    "fields": {
      "description": "Ultrasound"
    }
  },
  {
    "model": "app.examscode",
    "pk": 15,
    "fields": {
      "description": "Colonoscopy"
    }
  },
  {
    "model": "app.examscode",
    "pk": 16,
    "fields": {
      "description": "Endoscopy"
    }
  },
  {
    "model": "app.examscode",
    "pk": 17,
    "fields": {
      "description": "Cholesterol Test"
    }
  },
  {
    "model": "app.examscode",
    "pk": 18,
    "fields": {
      "description": "Bone Densitometry"
    }
  },
  {
    "model": "app.examscode",
    "pk": 19,
    "fields": {
      "description": "Biopsy"
    }
  },
  {
    "model": "app.examscode",
    "pk": 20,
    "fields": {
      "description": "Pregnancy Test"
    }
  },
  {
    "model": "app.examscode",
    "pk": 21,
    "fields": {
      "description": "Pap Smear"
    }
  },
  {
    "model": "app.examscode",
    "pk": 22,
    "fields": {
      "description": "HIV Test"
    }
  },
  {
    "model": "app.examscode",
    "pk": 23,
    "fields": {
      "description": "Electromyography"
    }
  },
  {
    "model": "app.patient",
    "pk": "13712785",
    "fields": {
      "healthcare_number": "250863129",
      "name": "André Almeida Martins",
      "adress": "Mira",
      "phone_number": "928765432",
      "birth_date": "2018-09-28",
      "nationality": "Portuguese",
      "sex": "m"
    }
  },
  {
    "model": "app.patient",
    "pk": "14443557",
    "fields": {
      "healthcare_number": "332427257",
      "name": "Tiago Rodrigues Fernandes",
      "adress": "Soure",
      "phone_number": "939012345",
      "birth_date": "1968-12-05",
      "nationality": "Portuguese",
      "sex": "m"
    }
  },
  {
    "model": "app.patient",
    "pk": "19731370",
    "fields": {
      "healthcare_number": "326433417",
      "name": "Ricardo Fernandes Silva",
      "adress": "Soure",
      "phone_number": "945678901",
      "birth_date": "1972-10-26",
      "nationality": "Portuguese",
      "sex": "m"
    }
  },
  {
    "model": "app.patient",
    "pk": "20402791",
    "fields": {
      "healthcare_number": "419360362",
      "name": "Ana Pereira Almeida",
      "adress": "Penacova",
      "phone_number": "934567890",
      "birth_date": "1980-08-11",
      "nationality": "Portuguese",
      "sex": "f"
    }
  },
  {
    "model": "app.patient",
    "pk": "23672096",
    "fields": {
      "healthcare_number": "458304255",
      "name": "Inês Costa Sousa",
      "adress": "Coimbra",
      "phone_number": "966789012",
      "birth_date": "1958-04-03",
      "nationality": "Portuguese",
      "sex": "f"
    }
  },
  {
    "model": "app.patient",
    "pk": "24051057",
    "fields": {
      "healthcare_number": "168977279",
      "name": "Beatriz Martins Oliveira",
      "adress": "Coimbra",
      "phone_number": "926789012",
      "birth_date": "1941-11-22",
      "nationality": "Portuguese",
      "sex": "f"
    }
  },
  {
    "model": "app.patient",
    "pk": "27381631",
    "fields": {
      "healthcare_number": "402326620",
      "name": "Carolina Costa Rodrigues",
      "adress": "Mira",
      "phone_number": "923456789",
      "birth_date": "1987-05-22",
      "nationality": "Portuguese",
      "sex": "f"
    }
  },
  {
    "model": "app.patient",
    "pk": "27388258",
    "fields": {
      "healthcare_number": "452752434",
      "name": "Maria Santos Costa",
      "adress": "Montemor-o-Velho",
      "phone_number": "921234567",
      "birth_date": "1985-11-22",
      "nationality": "Portuguese",
      "sex": "f"
    }
  },
  {
    "model": "app.patient",
    "pk": "28283033",
    "fields": {
      "healthcare_number": "357946702",
      "name": "João Silva Pereira",
      "adress": "Coimbra",
      "phone_number": "912345678",
      "birth_date": "1990-07-15",
      "nationality": "Portuguese",
      "sex": "m"
    }
  },
  {
    "model": "app.patient",
    "pk": "29053914",
    "fields": {
      "healthcare_number": "243375079",
      "name": "Miguel Santos Martins",
      "adress": "Coimbra",
      "phone_number": "922345678",
      "birth_date": "1995-12-05",
      "nationality": "Portuguese",
      "sex": "m"
    }
  },
  {
    "model": "app.patient",
    "pk": "30197933",
    "fields": {
      "healthcare_number": "299654342",
      "name": "David José Marinho Teixeira",
      "adress": "Coimbra",
      "phone_number": "914371234",
      "birth_date": "2001-01-10",
      "nationality": "Portuguese",
      "sex": "m"
    }
  },
  {
    "model": "app.patient",
    "pk": "32486638",
    "fields": {
      "healthcare_number": "392734349",
      "name": "Mariana Rodrigues Santos",
      "adress": "Miranda do Corvo",
      "phone_number": "937890123",
      "birth_date": "2010-07-02",
      "nationality": "Portuguese",
      "sex": "f"
    }
  },
  {
    "model": "app.patient",
    "pk": "33916133",
    "fields": {
      "healthcare_number": "368172041",
      "name": "Sofia Martins Oliveira",
      "adress": "Montemor-o-Velho",
      "phone_number": "913456789",
      "birth_date": "1990-04-30",
      "nationality": "Portuguese",
      "sex": "f"
    }
  },
  {
    "model": "app.patient",
    "pk": "35505557",
    "fields": {
      "healthcare_number": "193069402",
      "name": "Gonçalo Fernandes Sousa",
      "adress": "Penacova",
      "phone_number": "935678901",
      "birth_date": "1941-08-11",
      "nationality": "Portuguese",
      "sex": "m"
    }
  },
  {
    "model": "app.patient",
    "pk": "38087211",
    "fields": {
      "healthcare_number": "284117750",
      "name": "Laura Costa Martins",
      "adress": "Cantanhede",
      "phone_number": "949876543",
      "birth_date": "1936-07-15",
      "nationality": "Portuguese",
      "sex": "f"
    }
  },
  {
    "model": "app.patient",
    "pk": "41630910",
    "fields": {
      "healthcare_number": "351307059",
      "name": "Daniel Pereira Costa",
      "adress": "Coimbra",
      "phone_number": "918765432",
      "birth_date": "2015-01-12",
      "nationality": "Portuguese",
      "sex": "m"
    }
  },
  {
    "model": "app.patient",
    "pk": "42601866",
    "fields": {
      "healthcare_number": "413826598",
      "name": "Francisco Oliveira Rodrigues",
      "adress": "Coimbra",
      "phone_number": "911803028",
      "birth_date": "1975-06-28",
      "nationality": "Portuguese",
      "sex": "m"
    }
  },
  {
    "model": "app.patient",
    "pk": "45766540",
    "fields": {
      "healthcare_number": "458554588",
      "name": "Catarina Almeida Pereira",
      "adress": "Coimbra",
      "phone_number": "928901234",
      "birth_date": "1955-02-14",
      "nationality": "Portuguese",
      "sex": "f"
    }
  },
  {
    "model": "app.patient",
    "pk": "46656453",
    "fields": {
      "healthcare_number": "491602361",
      "name": "Pedro Oliveira Rodrigues",
      "adress": "Coimbra",
      "phone_number": "936789012",
      "birth_date": "1998-04-03",
      "nationality": "Portuguese",
      "sex": "m"
    }
  },
  {
    "model": "app.patient",
    "pk": "47045403",
    "fields": {
      "healthcare_number": "424906512",
      "name": "Hugo Sousa Pereira",
      "adress": "Coimbra",
      "phone_number": "961234567",
      "birth_date": "1948-11-09",
      "nationality": "Portuguese",
      "sex": "m"
    }
  },
  {
    "model": "app.patient",
    "pk": "47547384",
    "fields": {
      "healthcare_number": "489956104",
      "name": "Marta Santos Almeida",
      "adress": "Tábua",
      "phone_number": "967890123",
      "birth_date": "1960-03-19",
      "nationality": "Portuguese",
      "sex": "f"
    }
  },
  {
    "model": "app.admission",
    "pk": 1,
    "fields": {
      "adm_date": "2023-01-01",
      "urgency": false,
      "patient": "30197933"
    }
  },
  {
    "model": "app.admission",
    "pk": 2,
    "fields": {
      "adm_date": "2023-01-03",
      "urgency": false,
      "patient": "35505557"
    }
  },
  {
    "model": "app.admission",
    "pk": 3,
    "fields": {
      "adm_date": "2023-01-05",
      "urgency": true,
      "patient": "19731370"
    }
  },
  {
    "model": "app.admission",
    "pk": 4,
    "fields": {
      "adm_date": "2023-01-05",
      "urgency": true,
      "patient": "13712785"
    }
  },
  {
    "model": "app.admission",
    "pk": 5,
    "fields": {
      "adm_date": "2023-01-07",
      "urgency": false,
      "patient": "47547384"
    }
  },
  {
    "model": "app.admission",
    "pk": 6,
    "fields": {
      "adm_date": "2023-01-08",
      "urgency": false,
      "patient": "23672096"
    }
  },
  {
    "model": "app.admission",
    "pk": 7,
    "fields": {
      "adm_date": "2023-01-09",
      "urgency": false,
      "patient": "14443557"
    }
  },
  {
    "model": "app.admission",
    "pk": 8,
    "fields": {
      "adm_date": "2023-01-09",
      "urgency": false,
      "patient": "27388258"
    }
  },
  {
    "model": "app.admission",
    "pk": 9,
    "fields": {
      "adm_date": "2023-01-10",
      "urgency": false,
      "patient": "35505557"
    }
  },
  {
    "model": "app.admission",
    "pk": 10,
    "fields": {
      "adm_date": "2023-01-14",
      "urgency": false,
      "patient": "47045403"
    }
  },
  {
    "model": "app.admission",
    "pk": 11,
    "fields": {
      "adm_date": "2023-01-15",
      "urgency": false,
      "patient": "27381631"
    }
  },
  {
    "model": "app.admission",
    "pk": 12,
    "fields": {
      "adm_date": "2023-01-19",
      "urgency": false,
      "patient": "29053914"
    }
  },
  {
    "model": "app.admission",
    "pk": 13,
    "fields": {
      "adm_date": "2023-01-21",
      "urgency": false,
      "patient": "47045403"
    }
  },
  {
    "model": "app.admission",
    "pk": 14,
    "fields": {
      "adm_date": "2023-01-28",
      "urgency": false,
      "patient": "35505557"
    }
  },
  {
    "model": "app.physician",
    "pk": "14937214",
    "fields": {
      "speciality": 1,
      "department": 1,
      "healthcare_number": "252026262",
      "name": "José Henriques de Oliveira",
      "adress": "Ponta Delgada",
      "phone_number": "915792106",
      "birth_date": "1965-01-12",
      "nationality": "Portuguese",
      "sex": "m",
      "image": "https://img.freepik.com/fotos-gratis/clinico-geral-com-estetoscopio-sobre-os-ombros-segurando-a-guia-digital-e-olhando-para-a-camera_1098-19297.jpg?w=360&t=st=1703870647~exp=1703871247~hmac=2970bc63059f59dbc0ad8bf5d24bb102d0377cef51386a8642e2b8ee254806f0",
      "admissions": []
    }
  },
  {
    "model": "app.physician",
    "pk": "19611552",
    "fields": {
      "speciality": 1,
      "department": 20,
      "healthcare_number": "358324695",
      "name": "Diogo Alves Silva",
      "adress": "Coimbra",
      "phone_number": "949876543",
      "birth_date": "1988-04-15",
      "nationality": "Portuguese",
      "sex": "m",
      "image": "https://encrypted-tbn0.gstatic.com/images?q=tbn:ANd9GcQon6ioMHeV1KXnwvZeVIAfbAAOz_VLHRZpjGQdcWl6elMFPLp_nmLiZtY4dYTzmar122o&usqp=CAU",
      "admissions": []
    }
  },
  {
    "model": "app.physician",
    "pk": "29504793",
    "fields": {
      "speciality": 8,
      "department": 5,
      "healthcare_number": "239559699",
      "name": "Rui Rodrigues Almeida",
      "adress": "Viseu",
      "phone_number": "938901234",
      "birth_date": "1979-02-26",
      "nationality": "Portuguese",
      "sex": "m",
      "image": "https://encrypted-tbn0.gstatic.com/images?q=tbn:ANd9GcQF8B2ScCrqIWVFWS53F308XsFp7U-8H3Qohw&usqp=CAU",
      "admissions": []
    }
  },
  {
    "model": "app.physician",
    "pk": "31785905",
    "fields": {
      "speciality": 1,
      "department": 2,
      "healthcare_number": "219056102",
      "name": "Leonor Costa Pereira",
      "adress": "Lisboa",
      "phone_number": "916543210",
      "birth_date": "1983-11-03",
      "nationality": "Portuguese",
      "sex": "f",
      "image": "https://encrypted-tbn0.gstatic.com/images?q=tbn:ANd9GcRbfZG8uSZzZvscJhhDUOX_6ZEG59HZL03rZw&usqp=CAU",
      "admissions": []
    }
  },
  {
    "model": "app.physician",
    "pk": "33856642",
    "fields": {
      "speciality": 26,
      "department": 19,
      "healthcare_number": "179720732",
      "name": "Nuno Martins Almeida",
      "adress": "Coimbra",
      "phone_number": "919012345",
      "birth_date": "1981-07-31",
      "nationality": "Portuguese",
      "sex": "m",
      "image": "https://s3.envato.com/files/354413419/2044.jpg",
      "admissions": []
    }
  },
  {
    "model": "app.physician",
    "pk": "37500183",
    "fields": {
      "speciality": 24,
      "department": 12,
      "healthcare_number": "218801894",
      "name": "Matilde Sousa Martins",
      "adress": "Funchal",
      "phone_number": "938765432",
      "birth_date": "1975-09-11",
      "nationality": "Portuguese",
      "sex": "f",
      "image": "https://media.istockphoto.com/id/476295813/photo/doctor-on-white-background-vertical.jpg?s=170667a&w=0&k=20&c=W1h4pz_WL_0ee0tgszyumUR9vX2Pze7CkqPAkO14BeU=",
      "admissions": []
    }
  },
  {
    "model": "app.physician",
    "pk": "38010963",
    "fields": {
      "speciality": 14,
      "department": 17,
      "healthcare_number": "150844190",
      "name": "Lucas Fernandes Pereira",
      "adress": "Aveiro",
      "phone_number": "962345678",
      "birth_date": "1978-07-14",
      "nationality": "Portuguese",
      "sex": "m",
      "image": "https://img.freepik.com/fotos-premium/medico-homem-adulto-em-pe-no-escritorio-do-hospital_884296-298.jpg",
      "admissions": []
    }
  },
  {
    "model": "app.physician",
    "pk": "40767197",
    "fields": {
      "speciality": 9,
      "department": 5,
      "healthcare_number": "334085616",
      "name": "Joana Oliveira Costa",
      "adress": "Porto",
      "phone_number": "961234567",
      "birth_date": "1990-06-09",
      "nationality": "Portuguese",
      "sex": "f",
      "image": "https://t3.ftcdn.net/jpg/03/48/87/16/360_F_348871631_nrEP2SB2tVtZTxMynnwkxjEP3DOjOMu2.jpg",
      "admissions": []
    }
  },
  {
    "model": "app.physician",
    "pk": "44895585",
    "fields": {
      "speciality": 27,
      "department": 3,
      "healthcare_number": "331693540",
      "name": "Guilherme Martins Fernandes",
      "adress": "Porto",
      "phone_number": "924567890",
      "birth_date": "1992-08-22",
      "nationality": "Portuguese",
      "sex": "m",
      "image": "https://previews.123rf.com/images/deagreez/deagreez1707/deagreez170700123/81849360-vertical-portrait-of-successful-happy-smiling-doctor-in-uniform-holding-clipboard.jpg",
      "admissions": []
    }
  },
  {
    "model": "app.physician",
    "pk": "46239036",
    "fields": {
      "speciality": 14,
      "department": 17,
      "healthcare_number": "366049763",
      "name": "Filipa Santos Costa",
      "adress": "Coimbra",
      "phone_number": "927890123",
      "birth_date": "1992-12-26",
      "nationality": "Portuguese",
      "sex": "f",
      "image": "https://img.freepik.com/fotos-gratis/bela-jovem-doutora-olhando-a-camera-no-escritorio_1301-7807.jpg?w=360&t=st=1703870524~exp=1703871124~hmac=54dd03c427fcfcef1aed40ebade0077667fa82a35c518190eef2a983674c955c",
      "admissions": []
    }
  },
  {
    "model": "app.diagnosis",
    "pk": 1,
    "fields": {
      "admission": 1,
      "physician": "14937214",
      "date": "2023-01-01",
      "diagnosis": "Coronary Artery Disease",
      "comment": ""
    }
  },
  {
    "model": "app.diagnosis",
    "pk": 2,
    "fields": {
      "admission": 2,
      "physician": "31785905",
      "date": "2023-01-03",
      "diagnosis": "Hypertension",
      "comment": ""
    }
  },
  {
    "model": "app.diagnosis",
    "pk": 3,
    "fields": {
      "admission": 3,
      "physician": "19611552",
      "date": "2023-01-05",
      "diagnosis": "Appendicitis",
      "comment": ""
    }
  },
  {
    "model": "app.diagnosis",
    "pk": 4,
    "fields": {
      "admission": 4,
      "physician": "19611552",
      "date": "2023-01-05",
      "diagnosis": "Status Epilepticus",
      "comment": ""
    }
  },
  {
    "model": "app.diagnosis",
    "pk": 5,
    "fields": {
      "admission": 5,
      "physician": "40767197",
      "date": "2023-01-08",
      "diagnosis": "Gallstones",
      "comment": ""
    }
  },
  {
    "model": "app.diagnosis",
    "pk": 6,
    "fields": {
      "admission": 6,
      "physician": "38010963",
      "date": "2023-01-08",
      "diagnosis": "Diabetes",
      "comment": ""
    }
  },
  {
    "model": "app.diagnosis",
    "pk": 7,
    "fields": {
      "admission": 7,
      "physician": "33856642",
      "date": "2023-01-10",
      "diagnosis": "Asthma",
      "comment": ""
    }
  },
  {
    "model": "app.diagnosis",
    "pk": 8,
    "fields": {
      "admission": 8,
      "physician": "46239036",
      "date": "2023-01-10",
      "diagnosis": "Hypothyroidism",
      "comment": ""
    }
  },
  {
    "model": "app.diagnosis",
    "pk": 9,
    "fields": {
      "admission": 9,
      "physician": "46239036",
      "date": "2023-01-10",
      "diagnosis": "Diabetes",
      "comment": ""
    }
  },
  {
    "model": "app.diagnosis",
    "pk": 10,
    "fields": {
      "admission": 10,
      "physician": "37500183",
      "date": "2023-01-17",
      "diagnosis": "Lung cancer",
      "comment": "Stage III"
    }
  },
  {
    "model": "app.diagnosis",
    "pk": 11,
    "fields": {
      "admission": 11,
      "physician": "14937214",
      "date": "2023-01-15",
      "diagnosis": "Coronary Artery Disease",
      "comment": ""
    }
  },
  {
    "model": "app.diagnosis",
    "pk": 12,
    "fields": {
      "admission": 12,
      "physician": "37500183",
      "date": "2023-01-23",
      "diagnosis": "Leukemia",
      "comment": "Stage II"
    }
  },
  {
    "model": "app.diagnosis",
    "pk": 13,
    "fields": {
      "admission": 13,
      "physician": "33856642",
      "date": "2023-01-21",
      "diagnosis": "Pneumonia",
      "comment": ""
    }
  },
  {
    "model": "app.diagnosis",
    "pk": 14,
    "fields": {
      "admission": 14,
      "physician": "31785905",
      "date": "2023-01-28",
      "diagnosis": "Congestive Heart Failure",
      "comment": ""
    }
  },
  {
    "model": "app.exam",
    "pk": 1,
    "fields": {
      "admission": 1,
      "physician": "14937214",
      "prescription_date": "2023-12-19",
      "exam": 13,
      "exam_date": "2023-01-01",
      "result": ""
    }
  },
  {
    "model": "app.exam",
    "pk": 2,
    "fields": {
      "admission": 2,
      "physician": "31785905",
      "prescription_date": "2023-12-19",
      "exam": 9,
      "exam_date": "2023-01-03",
      "result": ""
    }
  },
  {
    "model": "app.exam",
    "pk": 3,
    "fields": {
      "admission": 3,
      "physician": "40767197",
      "prescription_date": "2023-12-19",
      "exam": 2,
      "exam_date": "2023-01-05",
      "result": ""
    }
  },
  {
    "model": "app.exam",
    "pk": 4,
    "fields": {
      "admission": 4,
      "physician": "19611552",
      "prescription_date": "2023-12-19",
      "exam": 3,
      "exam_date": "2023-01-05",
      "result": ""
    }
  },
  {
    "model": "app.exam",
    "pk": 5,
    "fields": {
      "admission": 5,
      "physician": "40767197",
      "prescription_date": "2023-12-19",
      "exam": 4,
      "exam_date": "2023-01-07",
      "result": ""
    }
  },
  {
    "model": "app.exam",
    "pk": 6,
    "fields": {
      "admission": 6,
      "physician": "38010963",
      "prescription_date": "2023-12-19",
      "exam": 5,
      "exam_date": "2023-01-09",
      "result": ""
    }
  },
  {
    "model": "app.exam",
    "pk": 7,
    "fields": {
      "admission": 7,
      "physician": "33856642",
      "prescription_date": "2023-12-19",
      "exam": 6,
      "exam_date": "2023-01-09",
      "result": ""
    }
  },
  {
    "model": "app.exam",
    "pk": 8,
    "fields": {
      "admission": 8,
      "physician": "46239036",
      "prescription_date": "2023-12-19",
      "exam": 7,
      "exam_date": "2023-01-10",
      "result": ""
    }
  },
  {
    "model": "app.exam",
    "pk": 9,
    "fields": {
      "admission": 9,
      "physician": "37500183",
      "prescription_date": "2023-12-19",
      "exam": 5,
      "exam_date": "2023-01-11",
      "result": ""
    }
  },
  {
    "model": "app.exam",
    "pk": 10,
    "fields": {
      "admission": 9,
      "physician": "37500183",
      "prescription_date": "2023-12-19",
      "exam": 8,
      "exam_date": "2023-01-15",
      "result": ""
    }
  },
  {
    "model": "app.exam",
    "pk": 11,
    "fields": {
      "admission": 9,
      "physician": "37500183",
      "prescription_date": "2023-12-19",
      "exam": 19,
      "exam_date": "2023-01-16",
      "result": ""
    }
  },
  {
    "model": "app.exam",
    "pk": 12,
    "fields": {
      "admission": 11,
      "physician": "14937214",
      "prescription_date": "2023-12-19",
      "exam": 13,
      "exam_date": "2023-01-15",
      "result": ""
    }
  },
  {
    "model": "app.exam",
    "pk": 13,
    "fields": {
      "admission": 12,
      "physician": "37500183",
      "prescription_date": "2023-12-19",
      "exam": 10,
      "exam_date": "2023-01-20",
      "result": ""
    }
  },
  {
    "model": "app.exam",
    "pk": 14,
    "fields": {
      "admission": 12,
      "physician": "37500183",
      "prescription_date": "2023-12-19",
      "exam": 11,
      "exam_date": "2023-01-21",
      "result": ""
    }
  },
  {
    "model": "app.exam",
    "pk": 15,
    "fields": {
      "admission": 13,
      "physician": "33856642",
      "prescription_date": "2023-12-19",
      "exam": 1,
      "exam_date": "2023-01-21",
      "result": ""
    }
  },
  {
    "model": "app.exam",
    "pk": 16,
    "fields": {
      "admission": 14,
      "physician": "31785905",
      "prescription_date": "2023-12-19",
      "exam": 13,
      "exam_date": "2023-01-28",
      "result": ""
    }
  },
  {
    "model": "app.prescription",
    "pk": 1,
    "fields": {
      "prescription_date": "2023-01-01",
      "admission": 1,
      "physician": "14937214"
    }
  },
  {
    "model": "app.prescription",
    "pk": 2,
    "fields": {
      "prescription_date": "2023-01-03",
      "admission": 2,
      "physician": "31785905"
    }
  },
  {
    "model": "app.prescription",
    "pk": 3,
    "fields": {
      "prescription_date": "2023-01-05",
      "admission": 3,
      "physician": "40767197"
    }
  },
  {
    "model": "app.prescription",
    "pk": 4,
    "fields": {
      "prescription_date": "2023-01-05",
      "admission": 4,
      "physician": "19611552"
    }
  },
  {
    "model": "app.prescription",
    "pk": 5,
    "fields": {
      "prescription_date": "2023-01-08",
      "admission": 5,
      "physician": "40767197"
    }
  },
  {
    "model": "app.prescription",
    "pk": 6,
    "fields": {
      "prescription_date": "2023-01-08",
      "admission": 6,
      "physician": "38010963"
    }
  },
  {
    "model": "app.prescription",
    "pk": 7,
    "fields": {
      "prescription_date": "2023-01-10",
      "admission": 7,
      "physician": "33856642"
    }
  },
  {
    "model": "app.prescription",
    "pk": 8,
    "fields": {
      "prescription_date": "2023-01-10",
      "admission": 8,
      "physician": "46239036"
    }
  },
  {
    "model": "app.prescription",
    "pk": 9,
    "fields": {
      "prescription_date": "2023-01-10",
      "admission": 9,
      "physician": "46239036"
    }
  },
  {
    "model": "app.prescription",
    "pk": 10,
    "fields": {
      "prescription_date": "2023-01-17",
      "admission": 10,
      "physician": "37500183"
    }
  },
  {
    "model": "app.prescription",
    "pk": 11,
    "fields": {
      "prescription_date": "2023-01-15",
      "admission": 11,
      "physician": "14937214"
    }
  },
  {
    "model": "app.prescription",
    "pk": 12,
    "fields": {
      "prescription_date": "2023-01-23",
      "admission": 12,
      "physician": "37500183"
    }
  },
  {
    "model": "app.prescription",
    "pk": 13,
    "fields": {
      "prescription_date": "2023-01-21",
      "admission": 13,
      "physician": "33856642"
    }
  },
  {
    "model": "app.prescription",
    "pk": 14,
    "fields": {
      "prescription_date": "2023-01-28",
      "admission": 14,
      "physician": "31785905"
    }
  },
  {
    "model": "app.prescriptionmedication",
    "pk": 1,
    "fields": {
      "prescription": 1,
      "medication": "Aspirin",
      "dosage": "500mg",
      "comment": "1 comprimido de 8 em 8 horas"
    }
  },
  {
    "model": "app.prescriptionmedication",
    "pk": 2,
    "fields": {
      "prescription": 2,
      "medication": "Lisinopril",
      "dosage": "10mg",
      "comment": "1 comprimido por dia"
    }
  },
  {
    "model": "app.prescriptionmedication",
    "pk": 3,
    "fields": {
      "prescription": 3,
      "medication": "Morphine",
      "dosage": "10mg",
      "comment": "via intravenosa, de 4 em 4 horas"
    }
  },
  {
    "model": "app.prescriptionmedication",
    "pk": 4,
    "fields": {
      "prescription": 4,
      "medication": "Lorazepam",
      "dosage": "4mg",
      "comment": "via intravenosa"
    }
  },
  {
    "model": "app.prescriptionmedication",
    "pk": 5,
    "fields": {
      "prescription": 5,
      "medication": "Acetaminophen",
      "dosage": "500mg",
      "comment": "1 comprimido de 4 em 4 horas"
    }
  },
  {
    "model": "app.prescriptionmedication",
    "pk": 6,
    "fields": {
      "prescription": 6,
      "medication": "Insulin Lispro",
      "dosage": "15U",
      "comment": "tomar de manhã"
    }
  },
  {
    "model": "app.prescriptionmedication",
    "pk": 7,
    "fields": {
      "prescription": 6,
      "medication": "Insulin Glargine",
      "dosage": "10U",
      "comment": "tomar após o jantar"
    }
  },
  {
    "model": "app.prescriptionmedication",
    "pk": 8,
    "fields": {
      "prescription": 7,
      "medication": "Albuterol",
      "dosage": "2puffs",
      "comment": "a cada 6 horas"
    }
  },
  {
    "model": "app.prescriptionmedication",
    "pk": 9,
    "fields": {
      "prescription": 8,
      "medication": "Levothyroxine",
      "dosage": "25mcg",
      "comment": "de manhã, em jejum"
    }
  },
  {
    "model": "app.prescriptionmedication",
    "pk": 10,
    "fields": {
      "prescription": 9,
      "medication": "Insulin Lispro",
      "dosage": "14U",
      "comment": "tomar de manhã"
    }
  },
  {
    "model": "app.prescriptionmedication",
    "pk": 11,
    "fields": {
      "prescription": 9,
      "medication": "Insulin Glargine",
      "dosage": "10U",
      "comment": "tomar após o jantar"
    }
  },
  {
    "model": "app.prescriptionmedication",
    "pk": 12,
    "fields": {
      "prescription": 10,
      "medication": "Paclitaxel",
      "dosage": "175mg",
      "comment": "de 3 em 3 semanas"
    }
  },
  {
    "model": "app.prescriptionmedication",
    "pk": 13,
    "fields": {
      "prescription": 11,
      "medication": "Aspirin",
      "dosage": "500mg",
      "comment": "1 comprimido de 8 em 8 horas"
    }
  },
  {
    "model": "app.prescriptionmedication",
    "pk": 14,
    "fields": {
      "prescription": 12,
      "medication": "Dexamethasone",
      "dosage": "100mg",
      "comment": "de 3 em 3 semanas"
    }
  },
  {
    "model": "app.prescriptionmedication",
    "pk": 15,
    "fields": {
      "prescription": 13,
      "medication": "Amoxicillin",
      "dosage": "500mg",
      "comment": "de 8 em 8 horas"
    }
  },
  {
    "model": "app.prescriptionmedication",
    "pk": 16,
    "fields": {
      "prescription": 14,
      "medication": "Spironolactone",
      "dosage": "25mg",
      "comment": "1 vez ao dia"
    }
  }
]